gillstrom/is-class-file,36dd6ed08840b44f0c4fea528c4314fdf726b88a
glenjamin/connect-hopeful-body-parser,608c40bca674de8561b1ea63cf6c2d9d30dd8191
orionjs/orioncms-tutorials,9d29d490fce9f0cae53bdf77563def96ccc927ec
A/node-clusterize-cli,389f8175b2ad240016dfe0924faea2f079bfdc4d
rprieto/freeloader-stream,0824f4ce899c91cc243feef6239c7389fff0536a
chalkers/rotate,0a0e752c8ea9bb2bd874c612cef65f51cf6c82fd
mere/browserify-shader,fb8dc59e1029ed749a0b546528124e18a20ff42f
azer/strip,0e8bede6d54af61308c5ab44041720c3a1efcf70
dependents/node-amd-driver-scripts,8ca8e5571af97a36c7c95883417da46b36c3d423
MAP-NCU2015/Lesson-04-Testing,21f6f37fa9840f1856c69d8e43d482d9b43d405e
suitcss/rework-suit,49eb81ab749d839c0410066eef7c71d2b7d8bd0c
paul-em/reverse-line-reader,1bbe4a7aa62a40bdd89f3bc5e355727cdbec563f
ppowalowski/rework-rem2px,c0d05c5dd8b7d4c656b773f502551aed1d71892e
mikermcneil/sails-deploy,e899c6b6bbcb159ccc5de9c4ce35f35b89f3856f
finnp/cli-md,a67afdd355a61a75334be64e143316a7e27096cd
pstenstrm/stylus-inline-svg,aa2717230ea810080c1abfa91cf615930089a550
cmpsoares91/nmae,d78bf376142eda340cb2d36f585bf42a1b382c99
kapetan/taco-deploy-extract,0a57b6794089a35243fb5b11fe22ec33cbf660e8
lazd/gulp-karma,717f1216ab32c46d1aa375bf2f783a13595b0cff
13W/lo,418bfed0d5b0f92a8dbcbb6458b12ebf4196e42b
sandeepmistry/node-robosmart,75f24bda05469992d5132fc4b187389ab7145a02
3rd-Eden/expirable,72b2fe7ed73d667cf0be5ab86bab66d322dc6178
familiar-protein/familiar-protein,d3ff1f340e93febff3c37a375905713e5a8c2b4a
lucaslg26/musivkAPI,ffd1d339e08a9cdb4e7e9d5c84e8d107a6e7ea08
mojotech/pullr,c11fc59d0a3de6c3d946219fd4420e2764f4019e
fraction/news,c43ea01f05294e88a5c0f702ae271830aad38730
madhums/mongoose-user,12f02e8273d011b9c93a05aff606c0cead305681
jswartwood/linefeed,4609651e5b1f41a96e665a84ed10fa6f46490d44
aaronblohowiak/routes.js,6bc15d7903d8fcc663c61792759493f7b41c6b44
kentcdodds/watchOnce,6eabaf8092d49d17eea04ab280129361fee6a7f2
7digital/xhr-layout-switcher,6d0ce55870987460e846f41cf342a38d9c7aac60
agnoster/ansi2html,72ef66d4ccc47c9607140a9f3c33c2bbe695c0ca
7digital/i-spy,644ab8bfd7897000fb3e20e226b8bb3dccb7c913
lasso-js/lasso-theming,7a6076a0196d894eaa8e079e169bfcd1d61dca25
jdunkerley/WebAppTraining,bc3d1722361f7c4e4a74eb3b0d1ebe41e54a834c
7digital/en-garde,8fe98d0d5f2bb01dc3581c60a7c0329a726eccc4
afiestas/node-http-message,7a12def84aa4061d29fe444613eeebbc0b041d9e
ajg/lambda,271de30958f888d45f26345dcd7d7856479b5060
aheckmann/graceful-shutdown,f659af2fa29fea738d9af10799ab34e7f3a41e92
PlakeSide/machinepack-idme,c7cf43a5f678052ec40ef6e987f81cdbd82211bf
agoragames/factory-worker,5827a3d30d0df13d75011515db2ce62ef7f87fcf
8bitDesigner/OctoPie,2d42d8df687cdbd895b2eeb3ed8c17a5dc183fcf
parkeragee/machinepack-twilio,dc594acbccc28ff7d48172ef5a98f27e10e36836
KenanY/backpack.tf,f2b0e22d757c27677b7e70556679b02436285ff9
aholmes/xeger.ts,f632681bb07f009cb13120d3bdac97daaa77ed11
afonsomatos/cli-parser,daa5356543b69dcc5a317c9fce4a932f3b9033c9
ahdinosaur/get-in,62f386774e544f010e84def7a1ffc7d53f40411b
alexfernandez/simplecached,f3865cae323703824d45f6467016fce6579ab0d9
agnoster/duplicator,fc88598802e23e26ac1388375f2da6224d425c1e
af/JSnoX,95f26f9f5dc90fea3c55aa67a7d3f090b5cc430d
Adslot/node-jwt-middleware,4991f9bacf9a4d3378f7086e17bcfaf028ef623d
alanshaw/stream-from-to,dda157100bc376e671bc2d318b7c3956271d7900
ConvolutedAlmonds/almond-server,08f78539c8e843ed4292091d67bd7c511bc14d3c
Ajnasz/ajncookie,48103cdfa488d8ae670db48de8fcaf87444dac7b
Aloompa/questy,c12f8e89bb4a1b364cd3d89a81b1ba133dc4c96d
alexwalling/hashmap,3d4493878bff3b72266e6eb5b58d52dd808bc2c4
AlexMarlo/rus_inflect_js,fc848ca5ea25e33793e2b5a57ac3f191ceabb59f
AndrewGaspar/yoloswag,5bb448a66ec7f0eac65d9fbc8e1a9ffd767e7bda
alexanderGugel/refreshify,42cd853acc33a5e1997063ae446d32070bf1edb9
akiva/source-notes,458c4790e499840b7e428bc4ee4cf5ca420cd1d6
AmericanCouncils/container.js,fc88c95a1467009933a56f59ff576d22c25c6c7e
andres-tuells/guard-js,5609b04e72f49d1fc433bb7e0473aef1d33160f8
cybernetics/scholarly-article,92a103b3431861bc98dddd88c479532f6638fe76
almet/browserid-verify-node,41dd53aa666139fc15ba45a4f74ad72799f9547f
allain/node-stream-bootstrap,66d501ebedfad932c30bfb4a6fd13cdec62dddfe
7eggs/node-openexchangerates-api,29a79bf0536efe1d1645b06e0e7f593ee3d1bfe2
andrewrk/node-music-library-index,a1e5efa0d5af13d89856b292cd6f5d95857beff3
AlexeyKupershtokh/node-candle,8e6670446c05fbe67b61d07475f33d114298cb8d
antsman/node-xap,e4135dc12bd5754ebad11bf00677c77c75b0be66
anorsich/node-setty,8503c21709a513e9e6ba7c1f6486fa3818bb1050
aredridel/duplex-combination,02a45913ea84c1a0786dc3db8f8ade3b06c53619
chentsulin/kktix-event-listener,7b73bd42cf1058454b4008c9938d265c8f87ecae
alantu/opnotiq,a558b1ad0afff536b2a2e34721cbe895adefb408
AnatoliyGatt/telize-node,79ca4687d8b31174a745d02f1ae85eb23aa0e0ad
arekgabiga/app_configurer,c233c51cb9f0daece66781423a5d49d50c7a30d6
anmi/gettext-please,3f3f71d607e22a580f4dd999946122ab2e1e4035
andrewdavey/immutable-object,64658a58c854e75b34df7061a368cfc34fd018bf
frontendfriends/gulp-combine-mq,ae31a50c3af6f1914eeca3ee064b5cb853c908ef
mafintosh/transport-stream,5fc85175874d5c00ed962dc3c8fb64894ced619d
AnyFetch/logic-query-parser,6d44f258fdd89d8b20edf26671e94a60804bcbb6
aredridel/permutron,edb4fd5c3b56f2995f1b7617c2b3c55813664afb
AppPress/node-faux-knox,751fc6ec1c9106a93e33ebea977a90fc722e597a
ncanonizado/gcm-connector,ce86128642d7bdfa0d74f2639bde4f6eda6d4235
arnorhs/milkshake,3abd71f583a88dcff69fe2ebb71d800da58f9fe8
apriendeau/paul-bunyan,90a0e138f5d2f6310a260b527399c6bbe2c0e173
antiBaconMachine/mtl,54def30cd3251f169abf8ac1b18a293125aebe8a
ashtuchkin/errTo,bce25bc2e473416dab4ba5523eb27fb369c8682d
asbudik/tries_autocomplete_javascript,53681aa59a76334ed5acbfc710b633dd9e5ec6d7
azer/relative-date,b6ceb1903d759ece9216b7aeb4d2195c03cbe4b7
acroyear2/sighub,ebfcca72225e35e48a3d630d94b9bff4cd24d6ad
alexghr/html-ellipsis,963fbe3355cb0df2d2210aac32457f315756e6d1
ai/file-container,ea779a4cfe827d6dda61c3ef93f3f02a7ffb5577
A/to-ms,3683c5d29235ddd4318fd765fd036dc333461251
adambene/dustjs-helper-formatdate,8d13bcfc959e30c67a21b86a856875305c0ec7b9
argo/argo-rate-limiter,107507348a0af68612b5fae5b5bfa9212905eec1
ArnaudRinquin/rm-local-modules,d558569b8735cd54e013fb945db60551352520e5
azu/node-webkit-winstate,3bd83f36afcc7196840c9c131da28dda54a7be05
ashleygwilliams/mansplain,ed3c3dcce557d1a8f6a8cb1979c1be40673cd058
CureApp/ti-mocha-builder,eaee4022ac2807c88c048dc6120b69f94af8286a
basicallydan/eventedloop,e2914fa8145ba0feb91bf4d607fc51c5160eea49
bachp/passport-xing,80c73d1e605120da07111cf9b834f9779dad0f7e
bencevans/node-compact2string,c80e7a2fd2e9d76439d2de2a8a285ae4fd833213
beatgammit/crc32,874eecbdabf697ce871aa75f05658b5867303594
adelevie/walverine,bb01914f2aea035278ce30e5c4f5d5a93b7b1875
Jam3/gl-blend-demo,94c1a68441a9f3b3434e79340f406edceebec371
A/textr,3cfdeb543d96da0ce04b08f49f9b78cc2efb63cb
summerwind/node-stun,4249b19157bb44e553ef92293c501c1bb9f2e5f2
bendrucker/emit-then,ba4bd457250a79847019ec4cfb3bc38141ee490d
anseljh/passive-aggressor,a7ed4a7153bc52b538205e3195eae5a3a991ecc6
arthurvr/protil,05611beaf7c4be866e8844a60076152f667a0372
ayamflow/image-progress,f2a98d4a890e2261feaf540f949562da7fa7abf2
ArtZanko/gulp-tap-xunit,9a75d65a400b08a50ae344b42035108d5c50bddf
AlessioCoser/claudiajs,3cc5c3bf369e385e16530c19536d3865f2ad6ca3
bengourley/darkroom-url-builder,747966d204726681b4b32480c15bebc52e9c944c
bithavoc/node-orch,f539a4076ebb6ba657048ee0c3a2373b8404f869
bem-archive/apw,746581b49451819e56a6681e48ebf3fc0b5db080
bengourley/validity-cf-image-context-selection,2851ded54ddbcebc3476b032a3425940fc554ba8
briancavalier/promiseT,bac9da9ab6b99a57db37b564c39c753cf143d9ea
bigyoo/sontime-chat-client,535c5e6cb3718caacea94bbb258a49c0be082ae8
yasinaydin/titlecase-turkish,cf8564b49be98b4e2fe411b1946df828941ce6fc
agnoster/base32-js,91f43b82f19f467ade1270aa4b0e579b201d7efd
bigwheel-framework/bigwheel,48c597b6a4e1d9dda775f8a9a180c535224970e1
avinoamr/connect-callback,62987909f56ca6ad658b6c493179f84c86e9abc7
albinogray/cordova-js-zip,77d30e5f8bbadca5389858e335d4e76ed546d24f
bretcope/odyssey,8881ab4972e88c6a7483dcf249df466f08d20857
AOEpeople/sane-url-builder,cdb0dc5241592076865c829f2460c97325298d20
B2MSolutions/node-feature-render,c8fe81fdf063e70c9ae900ccb6e6a9d940c6fb4c
bloodyowl/class,191260af8994e8cdf22ec83e35f58cefbcaa3a60
bloodyowl/todo,62f4af6ee4e2bdb39834829d8814ea41c87a2b66
LivelyKernel/node-file-fuser,2073441d12c412f1cd9d0488a32e7745e6981d06
bramstein/bit-array,ec567f70aa1dee2ddd1f1d6d5b9bc03ccb97d93c
agualbbus/gulp-git-deploy,8696bf5ee8e0ba89d2f3ce48a431c9fecd7d3d1e
azu/remove-use-strict,4a036c227fc9575771b584f566a95b9ccf0d4157
joaquimserafim/is-js-object,9ef9790b477d902417dc5df11d6090f5495ee004
brekt/sudoku-solver,003661365494e7e7809dedd23a0af6f2af889a3b
bazaarvoice/node-cluster-proxy,625ae52233b9460031b8ddb389af264f0b5ea158
bingomanatee/fools,8c19347014b3b4f27a3992d2ecf9c6315973285c
brycebaril/node-sosj,a58b549bebf9aaf2a7ce8ba5bc992892fd700985
assemble/assemble-layouts,b75d67a879bccda3cb82096b809d8a9632db2f7d
banadesa/bacoba,c3dea4552c76a4cc1053a97e862d1352a12b80c3
btford/takes-callback,5f732602745890b8ec02cc5d7d9e7dc5cd4b1d9c
agrueneberg/Spearson,94b4cc5d4a0153faed9271fce2121cf7884e2dc0
Baggz/Pinch,99c53d1d8cee8b7ad03912b37f608776aa2eca17
btford/weasel-words,642f5981e3fdfbe82ca2b100474aade3fd9eb943
bthesorceror/air_traffic_controller,2c59eb41c3f256e98711b28ea431a0a1f03bfe20
Burste/passport-google-oauth2,d69e3a4018b47e48baf4067d02eb7f9c34af8959
browserify/stream-splicer,9fae7fdf051fc56a6a316416feda5be2291bf220
btford/eshighlight,1e2a4600247a02d03129c6d5f1a650c9cb95b6eb
adamdicarlo/grunt-twig,ad0509a7ab367bf8f37c74b976cd3fb9c8076650
Baqend/jahcode,92e1a4e5754ee8ec3ad1916f641d8a5c2f58c402
brycebaril/through2-reduce,083c87780810e31acedbf5ad321d37e0187637a6
cal-smith/ajax.js,413e080de624e83c8d6d8b8cd9d8b75875fe6698
aitherios/isomorphic-user-agent,9701920149ebb730161c19bc9cd8a07bd70aca5b
teambition/loghub-web,cde7ebf8a00f2d345ed8f8427a52a5fe3615bc93
benhakunamatata/node-jquery-param,387caf1ff6f53b0c12192bb73b1a85df498bb2e7
pebblecode/node-starter-kit,caeb891ecd9240ba1bddb059bb7980b62b84d07c
certsimple/ssl-config,41d76cfcb95784e375fa7e0ad2ae590c29b0d691
busterjs/ansi-colorizer,f655c69374c53eb797a5f5d76d6a398ed1227965
cfsghost/wag.js,8b9572535de0e2bb5d1b36651066c39b67736d02
bug-buster/sesame-lib,23631f39d4dee9d742ceaf7528b67aa5204da2dc
Carpetfizz/angle-printer,c78bc868d78188550e268392218d0a2c86402e8b
ceres-pallas/asteroids-listener,fc08a5fe526261f7df003892f2ffce866e96b752
caolan/pithy,6149549d02d7b442757078bd66eed1acca7402e1
briancavalier/wire-next,37b234cee7580177a69ec29582d10d47dd6d7f1e
AutoSponge/utils,cdb7d0bc181a0b4beb22bc94253c35bc7a03cf74
AntOlenin/map-tiler,88f5b3a09d6b5d27ccd173576595e9424d18b080
cho45/micro-template.js,4275f73542ed9d007b8fad7953b7e83f0b9c8a63
cholalabs/passport-localapikey,d1246cda70a200997356b39c31eedf9a06ae14cd
bguiz/handwriting,8adc3867acc8f68ee39f390cd27871afa3f59660
busterjs/stack-filter,c9e536c5baed7bd11d2fc6e0d5227ebaccf1f07c
jodaheca/empresariales-ic-node,971bacfc924a11424c66724507702e07690318a7
chrisdickinson/json-parse-stream,c25d7e579f8507291edbb72cc7003f35e55ca03c
blissbooker/rendr-jade,ad2a400510ee2c406f5b6627dcb862979cc5d5b4
camilo-guerra/Integracion-continua,65d8e35a773b3db63b005a56898c5c294394da56
cassus/gingko-import,ea50f29fafd818c3826bd524e907c606e576a4e6
chakrit/have,9cc27b941663acdac8714dcc7b42ec75b9a56ec7
biggora/2co,0bcd2af06e1e8230b0a802e81102a03fe29caa5a
techfeed/openfest,762a5c5b40d3c839528585a7763b60a582349c13
chris--young/Slacker,7a32f6f49a91ab1972364f13772821ab05899b20
lcgaleano/DojoCI,cd274c91cf34a296ad5ad3520f6d436696e247d6
aychtang/reiki,2e3d2d4eb393b3113a38dfe231ca5ea4bcaac9f8
chilts/data2xml,2ee10d4509f96eb9914a883792bd639df8cb9134
Daseram/empresariales-node,9316abb123eb171080812efd287fc8d56cc037e8
chrisdickinson/npm-get-dependents,3e5a82e6039ddb3a638fa0301f356b39bab898d7
chjj/node-telnet2,62b15d1ecd37f339b49e81d414acf43155b3b1da
codefellows/sea-d49-router,cfb70b8178db8bdd4d2506fdff5a9cfe208f2deb
component/create-element,e90de489bd91fed27d2d5fc383cb8726ddcc339f
chiefy/metalsmith-push,3131e022dd4056bc9ef5dc33c4910b07de061318
callumlocke/reorient-css,01cbe1c3a3971169f714ae7d24e009bc7fc7b435
busterjs/stream-logger,8fa760a66f409583175da819dc54336e07bd6b3c
BrandwatchLtd/nudge,77d52b654791ccc8e4fc67860efa6706212bde7e
Colingo/validate-form,caf969110855a50104c2096d77e67b3128efd0b3
CreativeSDK/phonegap-plugin-csdk-image-editor,2cc0fdda75f13c720f2f32bb5c131e7c6ac30ddf
dak0rn/bogosort,5716805695c4774e3f8b7c64cfd660a08b323e25
busterjs/bane,699e5be30545e09d9339e42c8fc9317cbfb85267
creationix/js-linker,6f28dc6086adf74e068bbccdda2336088b71d5ed
ctavan/node-getenv,82cb9fd68006090994daa14c2e6c2f9cd14b0ecc
DamonOehlman/matchme,4b18590ba7e7a54f88f44ac9e15e2b45390a5c7d
connrs/gedcom-stream,b81d5016b4aa2c4fac9b1ae01d35282f9138c96f
ConnorAtherton/headway,c14b51f1d4a9d68b089ee53442b6faabfbb3762f
cutsin/require-yml,8db65f82e1ef51bef182ce8855efcb548ee6d1fa
Chatham/statsd-socket.io,e58139c4bac743915d544c2ea1f9f5de39f1c5dd
codingpains/database-mixin-factory,656e874f01453dd6ef3df2bf6aab7917a58873cb
daffl/uberclass,edb3ea5d9467efa0f32fb0c3567011b0fd78f5f5
B2MSolutions/gzip-bodyparser,7dacdadc546cc9a1f3bf08cca0100b9e7bbdff78
caolan/dispatch,61cc7043bb71a13b7e5c3db7b66f7bf16f92a783
coursera/abcdefghiJson,00d030d93413660fbca82d9be83b9ea882decbfc
CMTegner/raf-stream,03a4713ac3e378d12402665cc5c3ea46480b898f
DamonOehlman/clarity,8696a3b144867a34250168223020c7059413357e
danielbeardsley/notify-queue,ced44f117ea699795a77ef1064695892e8d3ab78
coderoshi/webmachine-nodejs,e02d2cb1fd5f8e0c8b8483d1740a5794aa464822
busterjs/posix-argv-parser,dbb422a80ccd88afbaecc0ee4029b8be6af74a56
cv/portunhol.js,c6926bcfe0bc373294f2cbe212ad35a22be45eb2
compsol-michael/nodejs-with-pfx-integration,c564340b14ec8cab2ca28686c43e7d9a1034c3a3
cutsin/env-conf-loader,d34adf4ce84dcc7f3c4daba2906043d0ca9c2784
daspec/daspec-js-npm,a5600de1f7512a7e07a6472b2ff0fa0f5b947e0c
capybala/tree-diagram,9d2bc5670f1848bc1033ac7dc2fb41d0db018740
DavidSouther/flatten-source-map,0b8e220cfcf244453d40a5dea478ab493cc870b8
DamonOehlman/sourcecat,449d69e6aa9df61c68fe16b4b2966347d52f0f0e
DamonOehlman/marked-ast-markdown,92eed7704e3720e764719d8a9960a9ac19c308e7
DamonOehlman/geofilter,f69f89216abaef58d381ce9c8ca4b3febeb0bc5e
David-Mavrodiev/Juniors-Bid-System,2804a6289b197ecf1b791167a1c48a1664c49653
data-berlin/uploader,9452f4ef5a15c9d3c82e37fc08d68740732f77f7
daspec/daspec-js-npm-example,6556030cd48ebc695cd8709042767570039afcbe
DavideDaniel/distill-js,4b5aa35f26c26179b6a88efa942d1ad48563ea6c
danharper/Handlebars-Helpers,e9384bda3fd9529f7eae480adbb57ddae4e3bc06
commonform/commonform-critique,61b9efe08ddd45e734b9e9b794a837195e8c9e2c
deoxxa/pillion,0d0895d90d951672abc833aa1b9dbf7dba55afe3
dawee/basil,196fa5d03bc1963002d2d57dbf5fa5f4afe39102
delockdown/koa-sql,0d95f3edf3af750bde5d124f616ac22251ebff79
dave-irvine/node-fsq,fb06ad8f7a924072eb3accef6477666321e6ea9b
DavidDurman/statechart,d9b165b6c21e9f60407138447b6e2997dac51080
domenic/sorted-object,87105deb13d4f4151b2abd1a78d27a5216e3e79d
dhendo/mongo-queryfilter,f0a2081ec1503281e490b9594ad684b820c742f6
dimsmol/args,ff7a6f2029f0c084e97e9c23a32d16bb1981216b
dominictarr/bash-vars,2995af44d926325393f6ceb4f968e119b5916196
calvinmetcalf/immediate,c353bd2106648cee1d525bfda22cfc4456e69c0e
divshot/van,99c9870dfc69e7287a4ea22b380c754ac927ac2f
deoxxa/houkou,590d729b218ef11532e065c508930d83703f7778
dannyfritz/eslint-varsontop,64bf9d3ff938d0261bf3476957e51e998bdd894d
DeadAlready/node-easy-config,a77bc90519e81f6670e0cdbb19e1c4ac6e338f51
dominictarr/binary-sorted-set,14b48b2931f55e1b82d3c621dc2aed311435a504
dominictarr/stream-spec,614b6732098cf06ef36b639387c551b41a0bb2ae
dominictarr/js-tokenizer,5bba18eb1db40d2b1225936033a19081b6c21d20
dkraczkowski/js.class,a99713b0cd6dd7c73937ac2a1c6cb5dbdf57174f
danieldkim/geomodel,510687ab42a258191e9fe64622c251f0db3e39da
dominictarr/string-range,7e07e21db952e5cd1afec3d5b8b1ff9869e4fbb5
dominictarr/shasum,7cf9cac58f72da0a85d184162ae3dd1176d8e86b
dhcmrlchtdj/express-reverse-proxy,eb5eddd71ea5fa5f4b9dbcebb24f05ff752431f8
DamonOehlman/geojs,452ab07ddfc2bb834312557a377c47986b7c5a82
Bartvds/package.json-schema,a8b023c44dbe240c4955be4895c91f55cedbc083
deckyfx/jswget,3386396a352cde759b23e0056d2415d9082058bf
dimerica-industries/node-cql-builder,cfe9bf7fc691a2f96819b3ee9a4813ceb7165595
dekujs/assert-element,a275c98825249101f0e790635a1d33b300b16bc1
dreamerslab/node.rmdir,e2e94477709082b954e8d9e3ab1f953a7aa60cb6
dominictarr/macgyver,52457b67a5348e6f6462e5a568f64e6d3e4e097e
dobiedad/html-to-plastiq,729cb38c885c5beb2dbb906fb719e96c3d0106d6
digisfera/useref,8de4a4583bf95a74f565eb6c73cc0811ffc95d7e
dominictarr/jarbarscript,a96cffb8e384627c4f1b56e72d5d7824f02c38a8
digitaltangibletrust/bitpay-api,3f5457f062bd3e6563199c3d00cc88eacad2035b
DubFriend/queryjs,76f605c1eac07804b949ef63e44d5e2ef9a5c663
dominictarr/content-addressable-store,d8cf305f44c553eae893d33e0446d32959414061
dominictarr/typewiselite,c2cd62405717371e2bcff9b9f220c4f22a011c2e
dominictarr/json-select,d67646828a4cad0804115b3ec75c0fc4a6922528
dominictarr/pull-continue,7fff7a7e92083c8e04c2bc9bbc03660738d5c05c
edkmak/cmpe172_pattern_match,2d9af4c3f4c604d6ef153d70776d48e158bf5292
elcuervo/gerbil,ba3a1879ba8507d35485266d29dd48696a21b71a
eclifford/n-deep-merge,2aea696b68017a474a37adfbd0cf373ee26a00f4
CMTegner/rotate-array,993f6197e0e6cc99f17ba2d8ad97efd96cb621ec
epeli/node-clim,93a692976d4dda04992f729d4b6483af11394ad9
e-conomic/log-parser,4bb6c66f9b2e4705c87e1b2fd648bbefb26e15bd
edinella/beat-conf,a6020b387602dd61534c0b919633b23e80fc8416
ExpressenAB/exp-fake-amqp,f60e11890dceae6737e4c358c15ac1c7dbac025d
egilkh/jvw,6acfa6d340d898a2a7ee66d50cbabf84b13b03e1
edinella/beat,6847973514c0be438dd6e30cace203d2fc66c379
dominictarr/hexpp,a32977754c41bf834eddc47d0cb9462abe0de1b9
dominictarr/pull-crypto,f883d38d0bc6ea401ffe2f16c6e33b9385704bca
erictrinh/safe-access,3f05427b2cacc93fb6ec3a8203452b9334539d14
deoxxa/anore,632925538d39e1ee77303a3ead19cc7d5e84483d
evansolomon/moving-average-js,dcb7f3b4cee32e64e64bd336d4783ff5d7d23517
evindor/wikidocs-npm,da49edf41bca3878b3b6d2fc5d48aef4bf16b4f4
duereg/write-gooder,76d9d5eb1a0414ebaced7b50e0f1a5413b439bde
fermads/graphite-udp,16edee8ba4878772ce6c2a8e660790de0c8154ab
felixge/node-active-x-obfuscator,3ba612e5e5a413a9d3633c9c4c0651911f8b244d
fgnass/gateway,a060b16de660a583170fa63d8871ae841bf85d21
datetime/weekday,1cf6765b37b6e4c27e2116be1f8c9fd22795b91e
eglobal/equella-utils,6f3e216ec09ab51cb70cb43ca458bdb0aad31cc2
felixge/node-delayed-stream,07a9dc99fb8f1a488160026b9ad77493f766fb84
ericelliott/object-list,1413a4ce100f40b3718df01752bd2d3f6679a4ab
eush77/help-version,c2a94a583ea1f5d96af17096c3f484ecc8050f6e
dankogai/js-list-lazy,de820b502eb92237c2543e68436a2eb6f59a4701
Fay-Ok/jsLearnerForms,1aacad2c16fff21308371f4494cb7168f0a3893c
deestan/randy,4310216d821a6497cf67eec1d6162e1bd5c29d22
fastest963/stream-js-md5,98cebb647645e73e875eeeb4ec886e266c82ad14
flesler/config-node,6d2870ee6e70468fb2464f28c172b2d04ffd8476
eldargab/node-fake-fs,f871d2fdac4959178d28100a6e53ffb9504bb6e5
ecomfe/saber-router,d35c9a0f2f04565c2d55695d2d6e61a6bfdedcee
eugeneware/jsonquery,a666960226c97dd3d3fcc49aecb76885a6167ef5
FlexAppeal/authorization,c3606d09c50f92f24fca964b994b46917928c9be
floatdrop/bemjson-to-html,1dd195869e08059fdacb8101b672adb3dc9bde9b
ecomfe/rebas,5f036e52b69ec759e84555470de5b583072f27d1
duereg/module-deps,c76ca36e8e32b3fe5ee27f6b1aa950a268eb40d4
dominictarr/mux-demux,cc4d12ee2395561f68d2079c9fd55f87061ea820
floatdrop/infinity-agent,312c9fb1f3fc242ad300768b37ff906fb5e86859
egauci/tenon-api-client,e6550162c7ce721374ffb523b4e170321cad1ca5
dominictarr/level-trigger,16ffc13265dfbceb932ed6577c29b7cca28d9c5f
electricimp/build-api,a34b703c617f49125e02c83fa5a2f347e911fcd4
es-shims/get-own-property-symbols,4e397dc596a3df1ad42faa1697cffff7fe2a7016
duereg/no-cliches,55648353b131bcf36c4da6bfb4dc28d107a5c5a0
fippo/sdp-minimizer,9667d22d2c99154bbf7fda1e44545bfad4a08290
dogescript/DSON.djs,68f7cca236ad48143d342cccaeae5561a9740af8
cfpb/format-usd,46f44a449581a975b6d3b8a758a20efaaf7ff9d6
ecomfe/saber-lang,60b5080a061c8a3ff2580f838055b3bfc9e0ddb5
dscape/basecrm,2759e3687a31938f4a7aa033c27e5a745fc5fbf6
flpvsk/cars-example,506b55716442802b989150ee4079607fd29bb687
fgrande/winston-rsyslog,fa31cb8e5f34141d93f0832d1dbb3bba486ebd67
fanfanqu/pre-pos-sec-1,32ff07305041865094c71fb61dfbe018f96c9389
cgreening/grunt-liquibase,93d04687afb4875c17f30882489d73074cbd703e
findhit/util,f51f7329be0c3fbe3d4379bc109e4c6ea3a83242
dlmanning/instyled,7b0bff940b39eb42c22e84fa6f0c154ee806b0ac
flatiron/cliff,3baf40a73432a26303f080176c7d13fe293bc1d8
digiwano/auton,e7d0575445c91cf2280c80efde1162d2230c8ac8
Colingo/time-mock,0011f8f03f5c55642e2be91740e0b158e64e71cb
eHealthAfrica/couchdb-ddoc-test,a701607eff87c3bb7fda8602cf089fe707bd9ec2
futjikato/tr-esb,763bef2e7cf28f3d73d57e4a010cb447b1a3c5ec
Everyplay/backbone-blueprint,35317d4d399247a8dc5a37fbe0130f1abdc6588f
fshost/node-hint,3b4302e64e95d7077f5302f3760bf05df6b097e8
fwg/s-expression,b4d2647dd6fe13ce99f781c08926accd82eb8c0e
floatdrop/pff,238072ddeefc0ae8c2d6870c28872aaf9ec65ce3
gardr/plugin-host-resize,64420f4200d284f9d2734bd03dafb2f6449d1b67
ecomfe/saber-storage,a82b8b0debfddd3f45c4743e7773f606c196a311
flatiron/plates,73b087596495fb450fa67996846cb8dc3f02ab4a
flams/simple-loop,107a3c964bd0b3e4cbcbb51dba3dcf8b700b55ab
edenjs/socketio,d0eae83dbfa16fd462da59da276fdda59bb599f3
FieldDB/PraatTextGridJS,26f965ff9886b617d46059381d1cc21a034b437a
dustywusty/interfaces,b874afa90f14eeeec6ac5e0878ed7da593babf49
gameclosure/gamekit,bbf1768387a702dfb5abb5f3362bbc49621b34d0
egasimus/glagol,79e6ae5ecdc956415cdb1a1a13e1d1429532fc1b
ffortin/i18n-js-woes,e7dffe1b3572aa8850600fb816395d89273d886c
gazsam/NodeFibo,de314cf269fdb84e00efd712f5cf60227cbbf93b
gillstrom/is-opera,d18c697a0139997167c87a85ce7b4fff486ef441
forjs/tree-node,10972c416269bc28ab0e784bfea0edd402dd45e9
defunctzombie/npm-css,73b20590f664e47c92a5fed39d833a9ef2f11008
getify/literalizer,505d2e4cf08e9e6055a0de3f415c16738de271de
fluid-project/dedupe-infusion,2ff67d43f690558c0e1cab5a98434f8f964d5ab9
ffortier/node-cuke,876e8f29d9b46d6fa0bf100224370061c82dcb77
georglang/kataAutomation,de31387f1b2dd9e5868dab7c60e1920883f46a60
GitbookIO/licenses-utils,1463b2fb011e307286f6a4b271f4cc82b5388791
gkatsev/set.js,491a8f68acebd4293736813ea1c1b129c609e599
doowb/snake-cli,f0763c3942b1f1f2ff8f5e5d1f1641ea900ebce1
doug-martin/extender,db201d51080d29495eca5fdd3f82fc35bc752158
genjs1026/iml-js,7ce2be33d638b14c30190d5796fbd9338d3a8d4e
finnsson/babel-snabbdom-jsx,215cfa25aa683dc7d9511101a7cb7d77af812089
greenimpala/bind-this,a0a4a3545a9976a1a483afe41e9806c4ff9800a4
gpestana/socket.io-hotel,bfbb0c5832017f46c6734b03b48e2eecaabe1af8
flitbit/json-path,97c670bc6ad500eab328749751098c93ad75a778
h2o/cache-digest.js,d3741213751acae512b3c5b45436dc8beffe6134
grudzinski/diver,a687cb65aa7f2c79a0f217efabaa007c96638f7b
grassator/safe-fetch,b5f2d2341ab20038d074343ed75c4dacfe7b93e8
heya/has,aba7adff8b2665a6ed196f317155d383a08a5622
heya/form,5a5ea79776aaa5e3ead027a2676d2ceb3135785a
hgoebl/doublemetaphone,0a7900c3953e26d6359901706274e4720e51a609
floatdrop/create-error-class,af3f3979494c4eca0b0259d12035e7fb84fa302f
GoalSmashers/assets-include,512de9cabb22c2eb526d13ee6fc87df37e4176c4
hendrikcech/multipart-stream,fdef6092166022a8a94d593d68cd996e17a2a1d4
flitbit/minioc-loader,6849703149f29419610a29b2c81f8589124d875c
gabemart/hipku,30b4c2cc4cd7aa9dd4f8ad7a02e6427714661322
gustavnikolaj/password-entropy-js,9837a5e40fe31c066dc88b113556aa98148ce572
hashmail/imap-parser,d1e4e6136838593123a51d8f1d3932fbc006cd63
hughsk/maximist,8cbcd32706c035e64ccfc724ecb48abeeabb07fb
gyllstromk/q-plus-plus,58089f62f3d4f0e04727d205d8f9777494b70d67
gummesson/tap-json,59579d524c9d2ef935f516ebf21ee33a304a3ce0
helionyeah/gr2,f3621a6b62e322f96d76edfdf3f52e36af543c32
hxoht/level-key,782ceb6346f0a50b5bb665b891e9bc6f260856fd
hackrslab/strp,759cb96546641143b4999f68194494189a9516ee
hgarcia/curling,e861d625c074679a2931bcf4ce8da0afa8162c53
hxoht/readfilecache,0302b3b17042c9ea40eaaf33e15d2fe85f72ac1a
hiroshi-manabe/JSDecimal,6bda56f52300827ece7c929413d1342e2b3c5822
HenrikJoreteg/key-tree-store,018cbd1c0cf1f0b87ec63694d8b205374034be41
heinzelmannchen/pg2json,6aefcbc4d19e3654bf8a076a78d1fec3558c6364
hughsk/vectors,5445ec0a8e34c0e0ec630853f4d3540317bc68e9
hayes/unpm-meta-cache,e2514826cb817f5a97f13cacc95c98d56cd071a4
gritzko/stream-url,1291ed6a628fe4935a9f960e204f26771f13072b
hypesystem/parallel-batch,f9918a8ae6868364270797c26deee071b218afe8
drhayes/impactjs-eventchain,9467cb50a39b3bf32376a99a8ed04b6d01ce2775
hughsk/array-pack-2d,ba586c10426f67b446f7a0ecb261fc2643016357
garden20/garden-core,a292343e1bb315dfb0317ea60dc86fabed922218
holidayextras/esq,188771a970f8fb137a6ef9c600689eccb811e547
flams/emily,137e40c56db5fbebb9000eb8dbace57d02d22c34
DimitarChristoff/primish,b80d54e346c8d5594254e95db0936be72264e4b4
frozzare/array-pluck,268999d5ffaad21fda1948070fe53765ce796724
herbalism/phloem,948ccaf28bd459acfbbf22fcd5a4a330b3bc2d6a
hughsk/ndarray-continuous,eb74e5b31843bb8dcb57a97cf27a00f6ef6269f1
fizker/karma-react-jsx-preprocessor,680ea355c4b8d14dc6d21faaebff07dfcc3847f5
hydrojs/co,8c429a795a27e6ebcae83adc69f73b06d9aca607
ibanishapurr/project3,d2e119396f28feeb0d2a4252b8b1b2207ffdb399
iarna/promisable,eba1e3848586eba8044566f941242b9f73b5ddd0
gszabo/poker-player-happy-friday,f561c28fad256c2ed59bb065184c4d73744a2ab9
hughsk/glslify-bundle,cd66c21260de7b6069c8256ed1c09334040d6f34
helpscout/seed-harvester,f508b0253384aaa1bc24370a4bbba5e5fbf112ad
hemanth/config-hyperterm,c13b7f01b155a6639ba65a8fefb7f25217952c3d
glslify/glsl-tokenizer,b87c20a79856c9f778533f6788c0ff119b3d606b
GitbookIO/isbn-utils,9907f3f0db9fdbf0f29f24b8e5b7b2d645b684e1
imlucas/mongodb-querybuilder,f0e7b43155bc69a8c438b9b86a177b0d95f6c4c4
InconceivableDuck/bleed,fd009f8419dc40f70fdbcbc5cb7debc8865d75b7
InsideInc/node-pinterest-api,74b94fc5ecfc8a52752bcd99b5d25d1223b49692
indexzero/errs,7c8ca5431371d3c286610accdcd340f3cc793bb9
InnovaCo/event-bus,5e885e533d8b97a768fa578427d6f96d88222927
interactivethings/d3-comparator,bcace65612d9e25a5020d5086eeba44a538a1a23
Gozala/reducible,0dee74d41e98909fcf45821079d9eb6e58e108ed
Inist-CNRS/node-json-writer,cfe7a1b81b438c277ce29ce137e7f80ad1f5e04e
indutny/dht.js,9d729bbf265f29211ec861f7cdf019e208c58409
isaacs/util-extend,22757dc229edbb253af63d533f27a837184f4a51
isaacs/domain-http-server,1d6390c20bfec8da04f639e5050f8c241f609326
isao/mojito-cli-build,9c957abd2802eb2e6e545d4335fdbcc2af8349af
gologo13/node-hatena-bookmark-parser,b71736e20bd578af3767608a92cd6a58a88876e6
horike37/simple-api-gateway,7e6a4b7ef296b142e6c0cc5ed3bf1856e33127a7
indutny/spoon,7f45ebeef641c711cd39f58777fa532c4033f079
jcayzac/stringformat.js,438fe0238a9e1be581ffe8271967fc0df8f02125
indexzero/window-stream,456aa018954e55b04bb00804d03beecf1e53db9e
idy/nodejs-wechat,6406e1cdad1e59100041851d6b054587c600dcc0
isaacs/simple-protocol,4e00515c94d7f8650a75468f04b212d7d966cb5e
gruntjs/grunt-legacy-option,0d1367e22d50f765e94b73333f9bb10c6d1c9988
ibudiselic/structure.js,5c7a55678e3312eae4375a1e3fc8d75306daf521
IU-Automaton/autofile-chmod,9491bd6d3141bc5df252e02bf4c85cada73c987b
jarofghosts/medium-templater,9eda1ad142d043a660d969ab47a4572ef1e64be0
JamesHight/node-config-extend,ea15862ec376d274830c1c114bdcc01549d54a6b
hypergroup/hypertest,c8ce2cbf264652ae9d52131d454f4a6dceeaddb4
jeremiak/node-engine-light,ea71c64f1c115c928d527ea978b10b95ba0979dc
Jam3/getboundingbox,4d31fb62a9075bd3ed45d6b37842f3846d93f771
hapyak/facts-js,20aa26e7bc6324aa01095e6e45fe34079957c3bb
jackfranklin/node_cli_router,0174f99715c342afa757425651a0aad841ace8b1
jansanchez/gulp-recursive-concat,fb1a8adefca07fac6c40aa1a4120573c10c5c9b1
hughsk/vinyl-transform,9fdf7f5887868d76f1a29d9d6871d48d06ba282b
jaketrent/spyquire,d5967aafbcd8f283146ea9cc5972e2b3d4c634e9
hyunmin90/logCollectorFrontend,6dd317c5de3c52018d1274670d4431f653659599
ilovelili/lili,a7275db05d0edc18c10c34562aedec27527fae89
jherdman/airship,e17cb2f3334e4f95218b0226fd39b3176ba001a3
gonzaloruizdevilla/hydra_javascript_client,915ce88d51090f6eec12441769284600d3a22c2b
hughsk/common-prefix,9286f6342e9c9199b6e63800aaebf168719530cd
isaachess/pig-latin,e23a936f0f711806e68b53c001376e5d157d9303
hydrojs/chai,d8aa18e3a19f0f49d9cd57bac9ab633b1eb439de
insin/event-listener,5e341eb2b7d875e78568810f5dbeefda3f077bca
increments/tasklist.js,98caa0d46347ca5cd0df2d29181410c967ada151
istrategylabs/gennifer,c8ff138287bd659d9ec171314acee0c0ac8bf609
Jam3/add-px-to-style,dfe9cb157463b5fdfa01711bd8aba14a1a5d9a41
jkenlooper/stripmq,0fc9cfdc75e23271d8962d1c8c6365a05e91d67e
JonAbrams/xeger,9d70825be621d09acb6595bbb707ab0cfb2d7fea
jillix/csv-to-array,cb8fb9b43f47eb7939cbb3217e8fa27fe88c39bd
joel-simon/easy-types,03d66666e4e5c1c7d694b66044fdc192844dbcd5
ericf/css-mediaquery,34ba6343938e72b270205447b297611c40140a4f
insin/redux-action-utils,10a0464815751355fb9d43281cf5e41a9a65d1ae
hytyip/HermesQATechTest,3366a58eeddc95c24f057581ae2692fcf3d7c0ee
hubbleio/hubble.io,78642210b582dc9b14cdf498a98ae619f1d33b06
johnie/get-currency,8eb55c6531bb77ff5a9377858267ab408105b75c
hookflash/obsolete.cifre,b04a4912223dc1c42300a578beb16e4908816a4f
jlebensold/react-time-picker,339cccecee5cb893ae95f3961b6689d8b350f28b
janez89/native-view-helpers,e25835d149c9bd74ffeaf5657ede7a25ed8a9a18
jergason/mongo-cursor-processing,6f6fb293d4a087d3275d56a9d0106450cd5cf3fe
jfhbrook/node-clf-parser,1590bb10b7ae6ee43b047cc86bf241ba9c9afde6
icemobilelab/caronte,ffdb45a00a8b950a3ec492d480c00822af3809db
joshwnj/fingdex,acae7d249d439749ede9bfe6599e74afca4521e2
JMPerez/ducksboard-node,ff4abc996804c991a8b6076db3d450c0a56283a6
jcreigno/devoxxfr2013,e6848dfada94f76e081f7547116292947cbaa3ab
JimJamUrCode/omega_mote,474759ac7b3804de60e6d3c7cc6206aeba597d13
jeffcarp/mio,9fd7c569d12d4d0ea36237139831a2a4df92c6e5
JacksonTian/lina,7574af89458d3c6786e1e885cef41f855f602bbd
jtsage/nodejs-microdb,80e3cfb958131ecd26c8d82a60f46e4857532ca7
jpettersson/node-ordered-merge-stream,5e19cd3dae8ffbdce4a74a147edb7f6b1c97f3ab
joyent/node-forkexec,5427cedebd103275b0ba3e0733dc586b80446d0e
jimmyburgess/sax,d6f66de8782a00e5f72eb1b3b13e5796eddcf121
jorcco/MyNewNodeProject,4b3de19ba4c40513da10b2c2debd0f37b1897064
jeffbski/autoflow-deferred,371559ee3b7d6ef272c9cd0e217a11db2e17add7
jszoo/cat-mvc,a9b0bf12afd9b68b17335e406ae349bc0bf2710a
jeffbski/autoflow-q,d27d0541bbee92100750c4442aff5aa05af305fe
jwerle/ppq,ba67a7c5f47ead8307b6d2ed2fd6a3284b9e3937
jeffcarp/mio-mysql,a7ba8fc43bd5a69a36f903e03217992b7816016b
jwerle/numeronym,8acc155804683ff2846d2b87c3df20de121be4cc
jviereck/regexp.js,897ff6f36ab1ab7b9c9a4d70b59ec676982b1d5d
justinabrahms/all-seeing-eye,a72560805f3a6e2c6e7eb265f70bbe84c6ff3857
jammaloo/ziggy-history,068d3e8c60c070462c994eee36d2ec73f0dd663a
Jimdo/protect-cms-linter,6fc2016bb809059887fc1e2f0039e325ca4fba6a
karlbohlmark/pluck-keys,2f8df820e10c885f90698895933f02c3b7df5b7a
keeto/expectacle,7e0239e053c539d5dde2273222dff1b3eecc26aa
kesla/run-concurrent,0d469644d6f563e9e7d1631361f243d10147dd9e
janrain/i18n-js,5e15acc500bc49a90d7ac2f744c72775bf16b2bd
kitcambridge/spec,a474f7152c0aa708289d62152abc60493b216c01
KenanY/shields,d96d47baae221f4606e692115e90fcff361eb2e8
jxnblk/basswork,ec6525b1841d8f3462aa67daf5dce0a8d599f65b
KoryNunn/sequelazy,2010ecc8943f2afdfb12b4f609372569210b3fd9
jonschlinkert/delimiter-map,7d98beb7d1c1993fcede5c18c06871a2d20aa85c
jchook/virtual-dom-handlebars,d1c2015449bad8489572114fe3d8facef2cce367
kach/lowtex,9227af3ad52cd7ad42cae6bbfeb4e1d64e799fa5
KolceBackyard/vetrix.js,9beab23b14ed050a65b2baa670e17c2ed1e83593
kkaefer/chrono.js,17e9205319f5c12263babbe7f7c32399b569e623
kidwm/node-ssi,166c716cbc22ecaf340d63093977785942a988ef
kinseyzaire/galvanize-sorting-algorithms-challenge-,a944de96abc6704afa5919cc56d0cebe4efa4902
kevva/logalot,bd70203737029a3bf333632cb5a86dfb27e294e0
litejs/natural-compare-lite,eec83eee67cfac84d6db30cdd65363f155673770
Jam3/tap-console-parser,429403c4de82c14b3588ed72eb99a89c91420e9f
loopdotcoop/undoiverse,1d280582b86ceb5aca12ed7d1920fdf562c3178e
KrishnaSwathi/changecalculator,7e008d7b0d8ad5340ef89855fce502afc78190e7
kunklejr/node-pcap-parser,677be12a02166da44cd22d8acc06af5ec05f1b06
jacoborus/wiretree,f314fc85e5228c93332a15d6d8fa57958f9dd197
LouisT/inSubnet,70dc20b64ed47ca700a424b57d4321b3e4499f48
KenanY/strawpoll,9a587606247df698176b5de5e45cb5e39e00b6b4
lightsofapollo/json-wire-protocol,0f29a0f2a9b2d5e1bff378b5699a62e7621a20ca
kunklejr/node-covershot,6a1b31cdaebaf250f70ab03e66f06d4b21fbd045
kediacorporation/mongo-express,90855091366fdd56bd8192147ed66cc309925f68
lithiumjake/tapir,e87fbae813c74e7a2ac24132aace698712ff2ad0
konstantin-zlobin/eXtremeProgrammingExerciseTemplate,ecb3175d75f9bbcebf8ec99531b9174d4275899d
KoryNunn/parcss,8804eaeda9aba3a38d3010f28791739c15a03fbf
kraihn/dragon-names,5796acbe6650761d3ea7aba4690e9ce58f1e8b49
Legitcode/rubyfill,871e56701ca5e26ba456204f2778f50e8ae0900e
joukou/gulp-huxley,5509557e65039a05b68e542fd4b0ade1b5f1c5d7
logicalparadox/argvee,0758555d5e87fa4ea824a4dc2b7c6f895687d6c5
mafintosh/pejs,fa736d32156d220cbfcf9c523c33510f6abd0fbc
KoryNunn/ieify,a31acea2d6c81dbcad281dd811f5df3039f5038d
mafintosh/write-transform-read,0e0750660a8d97fb7ee0146027874bf65b889fae
malefique/trade_test,4d5c6f05071f6050200106fe512bed046a87942a
LaserWeb/deprecated-LaserWeb2,ad62e1bd8c8af84aeea1ab5451fda32c7697c1f7
lightsofapollo/node-sync-operation,04cd845e22d26fa306e060301ea869ade66f52a6
maxogden/geojson-js-utils,aa31043f31cb65d573a29dfc9faef49f12702b7c
marcello3d/node-handleify,5088106973fa7f299ffe39059777ca24ca4b3b11
leafty/node-yaml-config,37cd64ea29f9d5a564c36bae58e54832b5549988
malls/schemes,8ddb99e5a7d6fd2f8b570f6326e5e4781f707ba9
Lucky-LengYi/collection-calculate-camp,597d02d9c76ff2e878acada32f56bad2155fd658
math-utils/diff-buf,36184cea22d6c291539c822f86be78086f679868
karissa/cookie-auth,76f8de7d7906de976acddebda5a9cbb76ee86138
malte-wessel/bouncerjs,6dc0cc87a37c400b0696b45960f90e2ba11ccaf1
marcelklehr/changesets,730f66de6f14a3c648aa29b2857a2a5babb8a97f
mafintosh/docker-raw-stream,00eb2c1378b06569c648da45d00ec5916877ac47
mmalecki/exit-error,5df52d34d004baa6eb117a5d883ca53554ebae8c
lucthev/generic-diff,739bb4b299465503bdd6d022f260bd76243587b7
mafintosh/changes-feed,ffe4300fd4458b7442c092e985d08f9cb87b4d9c
Metadas/Drone-Control,c7b7244a433d3f4f6c5c4b30d4e1aba50894ac71
maxiperezc/passport-assembla,8b4f784d9a76c49213a2df76eea54bec95beba86
MatthewLarner/diffo,de090ec101fd4a03cfc39d1c45fa8beb26386f89
MauriceButler/gel-minifier,5d67f70ae08c66ee3f3cf06c841615796b9deacc
mbostock/smash,a1be48826decd62364a20b7fdd990bf1871e4a44
matpierangeli/banckocr,bc8c5a1b1410769c3435841e72238c8357b32938
matiassingers/scene-release,b1a01a759d94e78e80c7d8308571808ff85bcf8c
miketheprogrammer/envify,464ca49f105d8876260ae2e5364ac1be09940a16
matiassingers/textual-log-parser,4b54d8745c498170b63e8431164b15531afe56f6
maxogden/conversationThreading-js,ed442f8e510e3b656bb98fc1c3ec072b0aee61d4
matiassingers/emoji-flags,967a57c53a604af54938fac3e4744f27de20fea5
marklc44/trie_lab,de36caa7fb3fea9da33f98538df6a3508f3ae37c
marcusberner/conventionary,5a9bf78825b850478a55bc6c6c84ab29391b2dae
laurencecooke/nanopay-tools,e7c2a06977489bafcee4f2d3682f701fdbca93ba
mikolalysenko/simplicial-complex,68ae05a629616d5c737a36d8075ec1b77f5f2935
mmalecki/node-rget,8c4cb7c5955224fab35ae0766fb927b734d685f9
miketheprogrammer/unflatten,2dccc0ece7d3a0cc95bb0796a2cc1c91738c9313
maxogden/datapackage-json,a4e35204ae9e523182a33efa97e5e55517947eeb
lightsofapollo/middleware-object-hooks,645990c5a0802f855495937a0de64f3817c64a3e
mdlane/node-tdot-data-api,5171b4cd4c16c96679de97f7cfebb9bd8e2d7e89
michielbdejong/sockethub-client,70f963cdb4adfdda0ecc6e3e5b26a8d6e663d9c0
matthewtole/winston-pushover,d44baaab278dbbdd890f29b7dc2d97da1b82d36f
mklabs/noptify,0a90d72faff6427368c0fe0e511eea21d070dc14
MauriceButler/referit-node,120f3bc758da45943e77719c171a6ec7d7c73a0f
mikolalysenko/vishull2d,53b0ddaa9fe01007342074b8c55b98a22f274547
MatthewLarner/structured-jayschema-errors,230929af6b1d4d6680838f36afe10f50527c6975
luojinghui/pre-pos,16cd2961b3a4292bb9044b40e0d9a8828b569886
mattdesl/bmfont2json,c9b3ec7016eb96f76c16573639e9bd9d7e38ba41
mikolalysenko/strongly-connected-components,39a474c8912f4bbb9f632472db16f318b4aa7d84
mattyod/srcy,4f8e22895e327e95f0fd5d45f8494e3d942ce38d
MauriceButler/cpsenize,5b7a9afd947d4ac543aec5aff3da78b57d9b8a8f
michelle/rework-matches,b33fa13522ffec76bfe7b4b2997d9245fb3e037c
mattiasb/fquery-comment,f6dbb72d1ed072775ed1c077f1d797303369f0c8
mikolalysenko/camera-2d,05c14c27e669b99ad0065c98ad4658bc9b60637b
mattdesl/browser-media-mime-type,b7436c941af40a9383fb54435c0e95b293a093c0
mohsen1/string-direction,913f4dc35a36da1c59aa5b6513db2e6aeb77c37d
murer/scriptirc,92cf7a618cdb39f4e04a02c7fb2b22e814bfcd52
mozilla-b2g/jswbxml,b5ac8765f1d2ee87030e214484b2bf360c336de8
liubolightning/web-historian,08702cb36a611f19286b6d4ea8b76809fcf2d71b
montagejs/mousse,7155f978f3d6a2325bca36effd50150f185e1fe4
longlho/node-jsonrpc,c0fb23d7a58d7b5520f9ecc548f8676a8c340139
MonetDBSolutions/npm-monetdb-import,396acf530d2c822b92a5a918e9e0fb22bd9b2b93
mikach/yielding,481898b71860595993c6f12d051ea1763dc6a7d0
legastero/jxt-atom,a3514d22198727bbbc3aaa77f46d637bedf9b9ca
mozilla/firefox-app-validator-manifest,20281265c73b2296a3e129f1b3e2eb3bdcfff194
mc0/bedrock,d0b614201e6bf80f5e363fd2c018388115ffe4d0
mmckegg/callify,549e81f9e84a1e8c35e51aa6203a33631941f994
namshi/node-file-ensure,2d0d58e11d7669ea464cfd30af8c3d907d3a8ba8
mendhak/node-hashcat,165ae43b36ce8000899bea01e0bf6becef72dac6
mtabini/node-bemis,42e3f17125ce7455eb6d271a9ae3a8967663b14f
MilanLempera/gulp-pseudoconcat-js,6787bb3d9a4a025869382e3cac894ea80f59a9b1
Luckvery/sift-js,891bd7b3cd55d5efac10e033f427389409518d31
naval/recursive-dir-files,ce3b579bcd4c31b7545c749cd6a626613a85fd59
nickclaw/srtm-reader,383d6f58cbea6f1f901afa317af53e50a1a7ca68
nickapopolis/remove-shawn,e0a7710d2039c5eaca8feda0e143948979d30084
nlf/protobuf.js,f66939f7980dae5df1ca622b587bf424ea062528
msiebuhr/node-urlparse-template,20631286d29662998f5dd2e379e5ed80ff9d7f83
morishitter/postcss-annotation-include,5c1de1c6947e4f3a7e08aaccc19803b9f512143e
mtscout6/karma-cjsx-preprocessor,7acd24f2bda1d745db9d1242b81acb3878e8a2ca
marcusberner/sandal,93f3ffdfc6d15b56e9729af63383c57d1ac22531
jxnblk/get-module-info,9ceb31bccb42a5c8c43b908cd231ee69a614095c
mattlaver/easyBus,8549c9a7da14ee3eb75e9bd840e5b98c487380da
nodar-chkuaselidze/wc,0740ae298f910237120e006a37a80259d22c2687
mysterlune/object,e8eaa45970bdd93b911775914334256b762511a1
oortcloud/ddp-ejson,3adefb05ee1133af561fb6c16bc3f0b9f481b5f3
ogt/slugify-url,b13b153ebe4f9a77da5b8922d76a33be12d6ff3f
Manz12/ImgConverter,906a6b9bea5ddabaa8f33742a40bfcda77e4f46f
KirinJS/progenitor,6643b170795cfb6f29154ff72c62c1842a8bfd6e
pascalsystem/callback-manager-ts,68af6b8526064d12ff7d8e2824913d70148440b1
nomic/octo,00215876e152a3cc73c0af30255d0177df094c11
paldepind/flyd-obj,27f21dfd39810796955f690e4fc6693710ab7200
ninjablocks/passport-ninja-blocks,8b8b9b8fdabae3ac2d4275dee86bcffb0a61fd1e
nicolashery/umd-wrap,0196772be09f17281d1a568d8813b255ed0120cb
millermedeiros/esformatter-semicolon-first,2d4d3129446215938170c2236028c591ebe21d71
parshap/html-linkify,bf6dae28d6e920f1b25eeb708a0266935c842980
martinandert/except,ac9398ae43cf268efaa2ff815d47acab0a742978
nrw/observ-varhash,c58f43b82430e8ac2a6b8d9e11872b2b22b6cc8f
lastboy/js.utils,21c674542599afde5efc7841fb4b58867ca6a5e8
Neverland/rem-core,6c4efef44a023388205c9059563d408d1da1f448
naosim/naosimron,a76a4453e92e4e9949dcd8f2b737e1fc9efacbc4
petkaantonov/fast-strftime,aa206b2eafd01b33e1c15c53858c7f22740c0307
paperhive/paperhive-api,d6667cd4ac52d48c6ea864dbea164c55d06a44b2
omarkj/node-upgreat-tcp,e963ed31c9931ffe0c3c019a0d5576344e1de068
noopkat/png-to-lcd,6c9ac3fc0fb6935bea08b30605e987827bfe0c04
martinswiderski/node-fastsms,6d4ab5192d24cb687ad28e1dd97da4eee815f335
pfrazee/wordgen,2cec4fb5ce58055327d074ccf2544a201371a5f2
nashdot/Preprocessor.js,3c4c285e335acf096eb3df4beaaa2def6fe135e0
olivernn/curry.js,6337d419f7a9ad766fae742e8950a56cce6ccc46
occitech/pomodoro,201dfe38e249987cfb6e5c4ecb41c9184d5ef2ab
markusblasek/lets.go,e924d573024732f2542dd2ad03531fab47457f22
Olical/lazy-array,550843bb46090d3808b1d673cfcbe6d59b4235dc
R1ZZU/redux-saga-chai,f1dac82ecc4caaa6cc5b7b71cb1333bd5caaa5c9
MauriceButler/dion,34a5ba5b79ad2e8c0b232f281382e2add847e0db
RubyLouvre/hfs,730056ac7c4ba7281b272debc23e867f4705894d
otarim/server.js,1a2f2d3c0b30217eed787bdf3182c06b824e7ba0
nearform/nscale-local-analyzer,b68beace3b3aba35e7e0d15bf8e374707833b397
Slayer95/le-sni-auto,654af3536ee8d3bdb5fc05a7818248079f7ecbb3
mollerse/node-fsharp,eec734cec783cfb4799f4cce33dadeabc9e1639e
mozilla/treeherder-node-deprecated,7543675e37b13e2d57f7afdd6ae96d02b092afb9
n-kucharski/node-union-find,4aba20ec9793bc76919ade8f347ce4d464b94712
panva/personalausweis,6bded9e344a8d7711aa19e7e537390cd9ce05995
Raynos/continuable,f2e2ce2e2ce596a945f784f8942db35a9fbe1e60
pfrazee/pull-serializer,5181e491c9fb8eba7fd6f4eb5ddc25682ec1a688
nomiddlename/jscheckstyle,d9d08f3ad353b38929dfa4b89ee21de8ffb2c912
nrn/http-pasta,2840b38633139ce10b675867e5386e92e17035f2
petehunt/react-classset,ddfa1401899f63d3595a2b9d679d98b50247ac6f
ocke/node-yammer,af011c440ad8bda90a453d200c2f56e6e367227e
micro-js/svg-attribute-namespace,8a59650030133a1075acbb406472de5d3defbb27
petehunt/morimodel,7fb916bcf96bbd3b011f9fec1fce99a98ca06515
nlf/bucker,806e7a7cf2ac7b358426ebf63ad71b326e2e3b7e
julb/node-bankholiday,2a139aae96882d94dfd4bd907fd50d2c074b0574
Raynos/validate-form,5cc41768f2541e9029157056d23d1755bc9decad
pavelvlasov/handlepers,1766e685bb2e4b4883fcaa48b755dbd11240b565
logie17/swig-i18n,3a2dfc6b03746018ae09b782f2bcc8a577271fd8
PFTW/Kerrit,1a7d8787ccfafe105274c4e953fc247d9e1d1150
mairatma/gulp-es6-imports-renamer,6a7d3ae6fa237ab6888f8bf3ba6368cefa64dec1
StephanHoyer/modelz,1b88c1333749ebf9c2659693167665e8fb1a3f23
opsmezzo/quill-tar,b873263edbdecc1a7f0e34f0e664bab4ca8fe2f2
Rycochet/postcss-epub,8e029ea37a3d18f1f043aaf763667015437bcbec
Medium/nodeunitq,0e1990827e0bdc93fee26cb9048a91d8abfbf64d
oinak/regularity,af65bf24fed368faefbb0dbe832d4f6fbf72aee7
Raynos/request-proxy,edfcfd71939d1b2aa32e9f2e8def87e5c1401fb4
Raynos/vdom-thunk,5b9288a987b39f76201b7430c0ccdd8eb29b297d
node-modules/buffer-concat,14d604947e38aa5dbc80436c17fddc5ce266ef0d
RisingStack/rising-url,4208c1ffadd016f2049df7261b423d096f6bdac1
nodejitsu/txn,404bf3296e550c5c76d4c68630dc7030fbad46c1
StevenLooman/Deci-mal,31512faa9d1c02d1a0aad3ac67ee8c1898bcdf51
Olical/color,9de915ce7c493756f8ffc87543883ad11e4f830f
mcollina/fastfall,c3aba5dd8c48dc4333c3cfc5fb859b55d910a1ba
nodules/debug-flags,eebbdaad3141379ef82012856408954e599493c3
TargetProcess/buildboard2,4dfe8ae13ec5f3c11c0e6d3da7fe29f531d73ba8
RudyWeber/lodash-plus,a824f24a740362e06c3e41f13d04619efdfa07d3
pavelvlasov/schema.js,cadf63c9d9e4840a0a24b7fe72fbcab5b3cd4d34
Retozi/terse-jsonschema,9bb353eab720c4b5ee25f545f823bc6aff31a776
node-modules/error-formatter,6dd3592271110486611bc740b60b2849bada2e2b
TehShrike/combine-arrays,1e02fcd262c42740038736885bf144181ede29e2
maxvyaznikov/array_flatten,cb3d878de5db2c061aeb0e2f1e57520f7a95699c
TargetProcess/tauCallbacks,63f1315c23d2f55f11cbc16bf2f85f48defaa0ce
RangerMauve/mqtt-emitter,af25f5e5a376c363c69c81da6e64f843af9ffe9d
Raynos/hash-router,ad611ee74a23643e33ed1f18fbb425bcd63e913f
mrmarbles/variable-extrapolator,3ecddd3abeb743a8a229166d2469de391fde64fd
opsmezzo/quill-template,64a35a44ea631c7c295d5d75ae3c3e348c919426
mrmarbles/stringrouter,b24179f199024c7a09b17c612548b3ae5102d9b7
mmaelzer/surely,990c1ddf2b61ebe30ce7d2f7ed019f5c32a0bf58
pelias-deprecated/suggester-pipeline,c580398bafe0cc8615c170e1f188b25ec1503fe4
Raynos/virtual-hyperscript,5aac9c75d3e3286755d14901ad717933a07e9f0a
olov/defs,7708d6fd984cf2e67936bcd13cb0de1af8134c38
SignalK/signalk-multiplexer-node,67ddd0e67c625aec257fc31ea3c65fb5edd15c95
WhoopInc/frozen-moment,fb747f39c82636b1a585b718ddf1f246ba059da0
TheHippo/mongodb-short-id,6ccfb77bbcf7a7614265a548fa2ef81f9e4d70b0
kevva/broccoli-myth,1bcebc3e7917d6ca5891500621436060e283a241
mdb/phl-geocode,310da8306f6e9acfdd649d0dc4a47fae6534fc22
RobertWHurst/LucidJS,758edf0dfb620a0355cde515ed7f2a50f1ce04dc
Wizcorp/simple-filter,4f3775e9bc23b22ba3c2d90a304d96ab9af74eb4
pocketly/riak-mock,8ad95bb386a21a25bd5747f9df6279a762c15309
pull-stream/pull-handshake,6daffcf4f9e827cbf6a1e7a51f048c20a5d1b13b
maxov/gulp-grunt,bd13f068dd1b8bb7d89c3bb8bcab7896541938f7
YahooArchive/mojito-cli-start,94cbe0d09881796595c4f76b0d50bfe629bffe5a
ZL1996/test-post1,278758573df11a6416d7923cad888d94b8535658
petkaantonov/core-error-predicates,8e3e2d3f586e1d6c7c32204ae632fc19d934878e
Two-Screen/symmetry,1e41c43530cc921e73a33cb6506f16417d99d036
restify/formatter-text,c157f91865b42096c9e165bd9621ed3f51b08cc2
pushtechnology/saywhen,cec5a85a077c272683591fda35443c842cff443f
ricardofbarros/mongules,ac198e11c849075c3c5997bf1aad5411a05d1bbe
plumberjs/mercator,faa8ad6a5e8522a06c478d8575e2aa9ab0f131d2
raptorjs-legacy/rapido,415cd4fa77c8e4760294fcfdca481100863f4410
rotundasoftware/parcel-finder,4c0c7e49f3bc34ccc574523d267b57220e1ca3d3
purposeindustries/node-logify-google-analytics-transport,a85196824c986e31949f342dabc740f6aa066fe4
MattMcFarland/SUq,3095a3aa20d1e9a42384f92731c24204743559ac
reworkcss/rework-variables,940461be0262d4c828fc630b46846b67208056ec
polotek/node-yammer,19c69dd3a0e306fd4c44098ec2391376e89121fd
peter-vdc/nodeunit-express,742b83a22960fb3c41f24cf484d02c0d7e16fb13
qaiken/oath,7a6957da26e061dffef11186a4c3dff477a3253c
rondale-sc/ember-app-kit-new,10caaeb65d86496a3a9e6f98225fb07527ad7b22
rit-sse-mycroft/app-mentor,73e1c3ad67599878823bd677ef47c592a642f215
reid/onyx,25fd002b4389e62f4a8bf3eabb8a2c9c9b06f8a0
reefbarman/flow-waterfall,58b89269b719c28046ed9cc5383f049a8b84fe53
reworkcss/rework-calc,ebd8a9b41ce7e5a52be46a77f255f5a9fa9526ab
robert-chiniquy/node-luvit-deps,2ae2d9f240c7fd8b9e0e2fcbf7255c42c368743e
root-two/binary-sortable-hash,b4aa885706115089a7ea5675f3526303471c2a45
rthor/sort-international,c2aa51993e2a92f1944303baa3b41d9889414b0f
rvagg/archived-tsml,e1ae9e2fe55a2a5fce339895cdc9d63cea3d4f3d
scoin/logrotate-config,adb66c567ae073c3cb5165afa1960bf9bf8333f1
saambarati/mapleTree,6143c2fca7fb882f894cdb0351f120d5a052d1d0
samcday/asyncevents,9417279483859af030053ec780cb0e2186bf63c5
samora/parse-geocoder,c1bfd29847a2b37877ad3928cd13c10ffdbe961d
shahata/dasherize,1e2ac6357066356e746b91862d3479c0a12c5115
rvagg/archived-node-mkfiletree,3f15bd9391b47aad986e65abfc18c3b945ca2530
shinesolutions/jazz,73f21aee675513d0e651803b710ce9455e6700eb
rwhitmire/tag-builder,1825b6d9a50e86e95efb0b75b08e81237ff7ecfc
reworkcss/rework-import,071a715124c7b10eeb1c298a72b7fc106a4bb8f0
reworkcss/rework-breakpoints,ab5496727ec36e6a4bc9d3c97a4396bcd750c730
scijs/ndarray-crout-decomposition,c4f738d0625ec282bde34df32b5afc6c41ee16ff
mafintosh/stream-iterate,8a462e3342c97a92a82f3da4f09533acc7605a7c
morishitter/atcss,e120346d55d834cba2f5c3f2e634af44bb483836
segmentio/sse-stream,8f4d256e772fedd2427537fa1a430ab895738eb4
seanmonstar/hood,224f39484ad995c0b1baf0a6eb7ba4220c0bbc33
see-threepio/see-threepio-js,ec83e181ebaa6843497b477591e98fdec67c89a0
TehShrike/text-metadata-parser,491f4c50738bd6d1274591801aa9cd0fd00d60d1
jsigbiz/parser,6705ff5abb5c458931872dbeba795859376233c2
rvagg/archived-node-ssbl,559a4956ba411120f074e544f1eb9bd1b1b28bdf
samccone/stylus-graph,0ea33ce6c2826e35cc5e272695f7ee9877555eb1
shinout/modifier,ba316c3c08faff9c72ee7d65317b83c69690d070
UsabilityDynamics/node-object-emitter,9367e978129e4c50280a18591ca4eaf2483c9617
qumram/qcommand,a019191cd3c600255993ace2fda4914b3036a4a3
scijs/legendre-poly,1643ef14195eb420de8af4c9f2cb1842ca9f885d
stephenplusplus/methmeth,60a0af67d47a8f54c181e32d9f397242c03e9293
sorensen/node-bitarray,11041677024f4c7b4231fb5912bd6be42ed2b2de
scijs/ndarray-string,d0a15e0a3facf46c8f241888b402599c08afbd12
rtsao/scope-styles,4ea0b959f4b58e7736408d746fca78f8747bd476
rschmukler/gulp-insert,8d35acb4fbf402cac02143b477ba1b4ca5f14b6a
sergi/mime-multipart,2295a3dbf236676c2a75fdb7f4fdf62fedfae00d
sorribas/fully-connected-topology,c63d701476e3915832d8e2cd48b51f52ce96439e
snit-ram/pickr,21b06fabf146a4c201d0a2bdda028a9a8ec002c2
smn/demo-for-george,a2609ce63741e5318751d51d509d377c204dc116
ryanflorence/broccoli-es6-module-filter,99b30a3c5b829ab1ed655253de9417a1744805c3
pr0ton/semaphore.js,7dfe0056b64a8c1072c8b9dd160a7ebdbe2eca4a
rebbix/predictionio-node,2a233b8217500edd590ce7d048de417ec4f666ce
spacelan/coding-webhook-handler,36b500af9a387a378ec80cfd43ea34d4686f406a
Sea2C/Workflow2.0,03ac7f6646eac3026cb05b2cc8665b4f53ade50b
ng-boba/ng-boba,550eb789c9a9677ff7eedd33f8c4303c907ff1db
smn/go-ushahidi,701a377aef074df43578aaeeb3da71e531ad461b
puckey/pad-number,f9ce4d14b213be214239bd66e8ae5cc507c1cb07
oyvindeh/flipcss,a1a28502352e3df6a30dc0578819d5f8d1148b54
simme/rework-importer,d1fffbdcfc33d51a206f6b3f868f519eb820118a
rtc-io/rtc-switch,c105759535b3b84c36603ad2baad7543ca5d9e23
scijs/distance-transform,10d2c34f4b7c9184ee9ce8d0309ce7fffacdc752
pairing-with-matt-and-mike/yaft,acfbbcf7068e2fbb056aeabab9e40d9ffb258712
shrunyan/mc-extension-validator,11f4e5539b8ddeab178f7c1ae99d45fe75f78036
robotlolita/shoutout,629e0bd415e32e51213408b25ddd5e95077d922a
robert-chiniquy/depends-on,aadace72e45808641d13ce11edb39feaa5187a64
tanakahisateru/js-markdown-extra,1d89bfb42af2d9ad10f7dae9c7c968f753fa223e
timothynode/escape,bfe5bfe24ba885036f0e08470ee8671943ae6b86
rwjblue/broccoli-derequire,8e0d7abe70ee2088bec88187ef453fc84cf1f572
Raynos/jsonml-stringify,15b04f1403a24c30d7bac40f9f839f0bb679820b
YWebCA/ywca-chapter03,379740120c8439a7ac5ba1eeaf7c6a89dca2ff6d
tiagorg/jasmine-precondition,22f870dbc1a4132a93b2bf0f91b1320aeab49c5c
PiMastah/loveletter,1032b89eb59ea87d52e2a0e9d593b56ac67081d9
Nomon/backbone-db,fbac5a46a6b46e44bacc3c015b5ba8b86b617eef
rohanorton/proto-jSend,679e6b9f299445078da50850f9279e42c66f1831
substack/read-only-stream,406ff9a52ad9f80d85b6037e09472ba4a6527576
tmpvar/cssfontparser,3e5b74a909f50de8a3b78ef9896627287847e108
scalableminds/require-sugar,bec824b9f16e72ecede6650ed2345b17c6e54af5
turf-junkyard/turf-random,97dc37a2d47aa5fe897011e4b9f45baa0e7daecf
scttnlsn/data.io,a8733172b96c63edaa759c55b4a71b0a48003de4
substack/calendar-db,a8316c8b53d0aec162416cae154f088d2b79207a
sloschi/poker-player-determined-capcio,0a280c9efd7ce7e1f35d1bc1f1a6051d318f9cd2
robotlolita/specify-assertions,1513350aeb1596697e9bcbee722899f3846319a2
typicode/homerun,3dd7514f76dc9fae05c667e5014167386e0d032f
turf-junkyard/turf-tin,4aaecc2a3222ae0abee4643faa8dcee30cb1bf58
totherik/jase,3d671d28085fe9889663c81133b69390590ca661
Raynos/process-dashboard,8c647fb4ed2ab674fdfd59fcbe128c1118e27271
tooltwist/profanity-filter,0e543fe06a313b06d46f23657f27916f61077dab
thlorenz/unique-concat,4d249257d48884a0dec8f05408171cdcbfa3aa28
turf-junkyard/turf-within,db60b003701ef67c37e9e83eb4561abfde14c3b5
tjlahr/stamplet,5501e22c5d05a72d1bd19bfe843518af8491da7b
uniflow/uniflow,cf497988e9596ebf27933e40f6be154d44431356
xfix/python-format,3921fa3846386d754d2dfc163fa5221be654be63
tmcw-up-for-adoption/color-system,65e2fbe75803ff821bbc435d6383576e7c5023ea
watson/roundround,d17729a0428d20475931bac0da4039b96ada58fb
ReedD/node-assetmanager,f25aab34554a98abe0d0eb0f1262444aaef8e056
wankdanker/node-find-alternate-file,29a948ba783a1b7a70bb1e41365bce7d51cbc523
twilson63/where2,cbfb2b6e9bc7e037fffb203c28ac74aae304f98b
turf-junkyard/turf-triangle-grid,c143550c2f2a8804187a0e2d7756087806850268
yohanboniface/json-localizer,998a449bf1dea93b52f50c68b627019040d75a8e
turf-junkyard/turf-hex-grid,c055475e31a4a8c09bb4c97d1f3790e4d31760ab
uniibu/cloudflare-ip,00092e8b12ccce90379752133e786c5c177393bf
YemSalat/spark-lang,15d159aee5534b223af43424fb56c5a7c77a0263
nanodeath/HydrateJS,2cbca1d51dc35fbd560d3cd3ca2ca0b52788d8f9
winsonwq/2048term,1aae058a76226e9f60c09f7baa71fc44d0f95503
vslinko/cls-idempotency,ad2dbb9ba687c2e9ca5e56374385d8276948b091
wiedi/node-bloem,d5eefb8210b80a46659d2a5d6c071ec3228923b9
thedaniel/analytics-reporter,28cc7622f20ac45b938eca67e13beb1e1b110fdb
topliceanu/sum,b3f3195cfca95b1f690cb01aebfe7d2d59ce4890
weswilliams/gol-js,a2adb6cc1544684fd6402c1167d9e2f260060cd6
wbyoung/jsi-fruit-classes,a9beda1eadddb51e81ffa00ba74ecff2ec2be933
turf-junkyard/turf-simplify,e944734f6bf78200f6fadcbc6977e6a7a9bbb5ff
yamadapc/mocha-make-stub,b35341525b85794fdf5f6fe7bab650271cb361da
wibblymat/logger,86286e05ffa074507e6d8d125a5ac67761fbab68
wankdanker/approved-browser,a35c83d9c944ff6afa0d93e1ee0188acb08f6185
yamadapc/mongoose-bluebird-utils,3ddcd1765f2a408bd6a35877dfc47f5596874ed0
wmira/dropkit,29b71b0d623aed8829512371c62c2e27e18e7213
unlucio/vpo,a74365735fd05acb9d0cb6e65491c5a440cc039a
yanhick/middlebot,1920d56c0f4b162d892b8b7f70df575875bc943c
wunderlink/operational-decision-tree,4dc509c52ebbc6285218343a3e3b3ae0d8d098c0
yola/plom,442550cbb3c532f08a141a31c42b3cc2fa99dffa
thlorenz/promfig,0ce5a3d54af8fbb4fd030f74c0d2839cd7013eea
valmy/inet,04f92539511a5bdb5a320d9715a32d248fd5985c
tritech/node-icalendar,afe4df6ffcf3ab03f2a854c25c50b1420cf5b4f6
yosiat/morphues,a48094cf01fceaeeff85ef1aa6c768fb4915f584
vbogdanov/safemap.js,ff8f66d57bb4a3140ea1eb294c1d159136abec9e
turf-junkyard/turf-line-slice,b3985348bf3ea1507107641ad59ec1533023285b
vesln/r...e,e252b3b6341934d43571318ddaea0634a366a4bd
tryreading/node-douban-client,d8d2370f04e1698e8d63f24d7a208d5b595edbb1
stephen/httplike,43843b620d871a1385c7f0b9f03c5a45734770b2
zenlor/urlify,6d1111cde18b74a2f4d2e1dceeb31879f9932c26
warmuuh/yaap,e3c1d921140268ff127dc65e304d346742a6fe86
vvgomes/hashtagrooms,44a591f16ebe8eee8f5517db80a542a581aec354
vastus/hautala.js,04435bf2ffdf2d3318abb100202a656fc20fea58
nodify/nodify-rest,1a5e10f5b87cdaca99e0697e02a274e82b6f76b3
viniwrubleski/jade-php,b1b149eb21f2a9f5c05aa2e90d5a98c891eea348
webinos/webinos-jsonrpc2,b798c76ad8cdd40b82530b319109270f7c941c96
voronianski/node-grvtr,0e36078cb89886c6a3040f985629f11619ef0ada
mbrevoort/jquery-facebook-multi-friend-selector,02a6dc2b0e03ba9c27de9b7d23203cf5b7e81a89
turf-junkyard/turf-tesselate,4c650c9625d6269a21df383bdab604e650b72489
SamVerschueren/alfred-playground,2f572d5bf21f7cbc9991ab08a4e26a684adf81d2
yamadapc/node-translate-object,80a8119d4266096a12ff44b7b434461712cfa146
DTrejo/npmbro,6f0a08147098a9db1c35b2755da69346e932bae0
uipoet/styley,440a079ea020064e004692aa903cdf9041b20696
zertosh/htmlescape,02dbcc367dd3069b73253ac08d87a40d37984239
zenflow/bpb,290ee025b0336d48879974808712d8e1f44d0e9b
raimohanska/bacon-mloc,aac5d7b7eb8dcc04d06e8d3dfdd57cddaa7a2091
racker/node-service-registry-client,51ac48a15379fa0b942ecd167c0d3470a9bce5c2
substack/html-template,2ec470cfb33d0df507486d50cb1b3c1dace23394
jleonard/grunt-starter,673d446a40591d981eb952ea02f284aad6e09699
vast-engineering/broadway-handlebars,282c991b9fdb189ef770056ed12c857803cd078c
anviljs/anvil.mocha,8b6890c91b7d1dcd24ee0d3a780b07c3b0640500
rafaelcaricio/krug_push_your_best_presentation,906992dcb1c248b0975f62fd28859787ae161d87
viktort/key-gen,9c03654229978883a5da62060ca06a7e50c3e53a
nathanaschbacher/express-airmail,968a45deeb597c748e9fa2a589872647119db1be
villadora/read-only,0a7a2abd040b2ae09d44493dc8c6f9624c4c8ea7
betravis/building-web-standards-talk,daebf16b31957f5e0cb0400c2926fd683872959b
shinnn/fallback-stream,4d395f13ade17839ead08df930b5a71540ca98a4
xcambar/halbert,15f08651a27116bbfb78645aa07f926440b227d9
dimerica-industries/node-cql,851bc168686f05f205bc15f248272f348fb48e09
webRTC-io/webrtc.io-client,3193fd223e3197123c8de8180d973926641a8689
urielaero/sails_mongo_admin,cdab119c41bdb2ec4fcdc710b429dbb18bc4b75a
timoxley/pkgcount,14d14c1103feff9fb9bd834a3f839267bd75c3bb
yleo77/grunt-task-loader,3f9da537161764fa13e3b02255255f5dcecf7520
turf-junkyard/turf-area,2d0dbe72a5f3b8202a62a2e9220425eeca971a86
vigour-io/doc-badges,47a21db910153c482f3188e16cc1ae2b4b80e385
wilmoore/to-array.js,6ca2bdfdbe8fb172a8cfe14edb29612781b6fd88
themeleon/themeleon,c293de789d5b3ea3574f0797f68abf11db017dd0
unchatbar/unchatbar-server,73f5f62edb6fa5395e5da5a8ccb17dd97185e663
YahooArchive/mojito-cli-gv,f7e3bdc7fb951216c9389df262be5a981bcf569a
zertosh/beautify-with-words,79d6321a180120ecd75f09feb18912db694920df
substack/subdir,3cfafd9cb83dfb48c344d361459a1a5e91e47b61
leonidas/james-cssmin,43780f0ebd9ea19c6e99d4c0c1913ef41e4cf7a1
wilmoore/rerun-script,922e17baca2e53a55586e8b86a7c42f6571dc8c8
steveukx/Promise,824fb8668b5c0e83a136fbf8e8391258309577e9
tasogarepg/hdoc,14b94e10ed7fffe02baedc63631e3a4b97593049
dominictarr/continuable-para,6c1db7ffce7534ff4f8dd3bcdd0863f8f3c87d3e
leonidas/james-uglify,db831fddc0fdf0efe905acb4031c6551a1856b7e
dominictarr/continuable-series,01ad68edb153fb989641e8b88b4e2e822d25b944
bingomanatee/hive-queen,2cd0402e36d01d90b7ea1f98274e507dd10d0c1d
weichx/Oversight,05d4018d4dde7bf38c78497c88bbf65cee35ca09
znull/node-bertrpc,08c446eeec9de2648e77fa248f1a0320aada52e0
wankdanker/sortkeys,412a28e5b92300f66ad8e6748995f384c1c64a35
thanpolas/gitfox,d44f9fbf2e6f86536fc57c18d6bf6dc167dfd435
watson/module-details-from-path,6b231a35fae6b7f5b6b12b55fbb75fd4913afe5a
zidein07/parsingUsersVk,4b2819356f8f40833b0ae41f1d07cec98633a716
imtiyaj/talk2usv2,eb7f8af811cb5de1505b8e5f4f900dae21f5c8d1
twolfson/gittip-large-badges,a9ca010c226de995f715b4fedff9299b2924ce86
typicode/steno,06e4e11e98dc3550d855e7731f80aacc2cbbd2c3
wombleton/saintelague,a71a0534ea86315b82830fdab069d91b96d97386
Integrify/node-scm,0b9beb97757eeca8c74c491ce37f63c9379980c4
bingomanatee/hive-parser,01a25bd9b821ea1d2d50925c6de85488f07e9980
findar/pablo,0d2dfb76905eecc93a1c555f6ff2dd58dbc071c8
georgebonnr/NodeBackend,bc126c3d3c5abd4ed8c0c7b3ec59e8039dc8355d
jamesward/modern_web_apps_with_scala_and_play,6b0fff3512e7ab9b1874cc33163c57869b909406
petrblaho/devconf13-http-restful-api-slides,c078b1e733ed262a77d5d5f55dd763fc2400697a
hugoduncan/ritz-cw-2013,4f3870e5a8b6ab0e9bd4bc976c5a9e6c4a7e98f8
dcbartlett/presentation_sailsjs_sxsw13,8184503c8e646f50155a6b4efbf93cb02fd92451
yogsototh/fractal-presentation,3fd4e1cf0fe3924fe3b595419b53019e76e7128a
cturra/mozilla-scaling-patterns,d1f75ae51895d3cd64c6c7ac25dab9e2c19e5ec1
sisiwei/ji-data-panel-2013,e784165755181bb57877eb926a343ae4b3e09ce3
CWDG/Functional-JavaScript-Talk,aeac97437c856d08a5bc545c966b5701004d82d0
bengourley/validity-number-in-range,eb1ed2fe0f0c8fd1c6f587d7369c59f3f191e7f4
zachlendon/tekjug-slides,de90672062e28dd349ea564182f4517ac0124df0
ogilvyatlanta/om,9a18073589fda04440023a5a76583bd5a128cd9c
nachiket-synerzip/Contacts,e5be178b1dd603c7c30831698201c04df297bf8b
tedsuo/shortline,287992364a0a209172a0a920ce29bd3b2ff584c1
arboleya/octopus-amd,f04d7fdce0eafe1d75da7548b886e7867b8f84da
substack/utf8-length,f36134c0f4151eeff9f9f41d079e3f7a1871b7dc
Gozala/interset,612712fd4964223d918b17da7f62c9b24545dc7a
rcruz/SpringPadBB,2a6eacc297309e06ec76cae8201855c208cd6016
itayw/nconf-http,aeada250b305c45b064968d56acdf5e962ed2c43
davewonglaterooms/chimprace,90a8cc05eba0e60af3c54b6eceee72202dd40285
netdna/node-netdna,b34900f245b981139556c8c052e8300fef62ac91
rit-sse-mycroft/app-logger,db81c3cce2d91d8f20259e988438d721c0d83ea3
Munter/Array.diff,a54527dc997425483bbc9f60cea03f99cca58c22
mattk25/mean,a595064fc0aebac489ad0fdeb14e687174e8572e
RobinLuck/node-travis,985a0778d9108744754110a6e9f178f2f8e4637b
wijitra/spay,ad18b83e384fdf80c112d562e4bf9a7508da5f7d
alimobscript/select,53b6cce6ae206f0039dbe74f9c4c61e2197d7a3d
c9/connect-architect,88219df153dd3bf6a10caa4980bad9f8848ef905
hydrojs/clean-dir,b1888e9a256b78c58aaf18700cf084cb5fbe0227
francisbrito/node-parcheesi,421a8d4b5bf3c9f4f1281edac76636a6f6db74d7
goodybag/connect-request-logger-pg,fbbad9a0d5d311a3bcadfdd4fe29965ca0a8973d
doowb/dirname,eeac6e5c6d7e6d0b9d1b29d6e36320847ab8a814
leonidas/james-jade-static,b429ba617612d3a7a2145e5ab480fecca2b5791c
tbekolay/scipy2013-quantities,f2368308527332f6748931ce117d7db4b5338d3d
priyanka5/oo-index,787fc2046c46181159acf546e80ceca563c7b0cc
hubiquitus-old/hubiquitus-addons,6880d48df27a9a6273b8c33d8ad65d15354b47e9
newsbound/node-google-spreadsheets,22baa42237c156c5741f34a116376f21814b60a8
notatestuser/create-responsive-flight-template,193c116eedd4bec170463d432f3a9c96bc199460
brightcove/watchmen,461aa2891312194eac0a2a161ae78d0297a63e31
epeli/stylify,aab4f335489c7db90d60a664ad82950b2f6de3d4
eugenpirogoff/ransack,a3a9cbf0d9e981bf02a2a10c8c1f3208642f5a30
gCollins95/masterRepository,5c6a1ead11642b2273daef844a6e715be3743c8a
fkei/node-fsjson,4c3582b0eb1dd55e31cb3f822eed32e55f71dea9
darrenspriet/rememberAll,2ec247a08104b01ed3d894ea848d12c6228b26de
thomaspeklak/winston-nodemailer,8d74012e3daa11da14897b2b7625fe367c6dbb07
chandanjog/r13-team-532,a94e07dec36eb5edcdcc4b174d6c176853dcb379
Syfaro/SyerOld,ebb29631937736366190ab37c64cf0ddde845e12
linnovate/roham,816baaf2bbbd096fd29c28760edcf224bef18f63
rhok-explorers/frontend,1f83d05e794bb97ec805804726ba247abe0b0fd5
yosuke-furukawa/hookin,7ce983c22586a473cbe606ab2c52c327cc7a40b0
dominictarr/pull-csv,67257c2733583acab5a297855ff7c9a93f462295
leonidas/james-stylus,8cebbec03f4a9fe0761fa3efb011f500734d9abe
mikehostetler/codeswarm-qunit,1c184414e03cb81e820f4304cd036c58ede6136c
Raynos/http-works,d754951e8c105f8e7a096d0173870f022f6b23b0
domudall/validity-entity-exists,c3a3e37404a244436dde1052c89be94752ea2528
wiedi/node-fnv,e73d4062d0fbd2e709934175769de5cea7074cc9
davidagraf/burgerculture,ae9ba4169ca0076f22b0238d8af4c93e94d30d29
monstercat/tunecore-csv-parser,2cbbc2649405cf28cc3116626932b8fdeeebb5aa
nrstott/bogart-form-warden,fd38866abbe1754e876e2d000881daa1b3f4ff2a
node-cuke/node-cuke-example,1b39e881020d077ea2339969d46704ad4ccb70b5
AWinterman/gist-put,ccdb207853fd15aca92de7dc47c53c06ef2c1ee8
wbw20/Apply,619e760fb6fa97c662073fe158d77f4c616271e7
mcbrwr/map-key,751ad6dbbc54af76e8e56e349e4da52b3909693b
felixge/newline-json,229bb6cb8eeb9956c9248c45d1abf19a3f944010
pikoscielniak/dwo2014-warsztaty,554e9bcc340ab8834672e2b2e0cd0a5a8f09d3b4
featurist/pogo-examples,c73d10250914b737dc6762f23a4b9b62590b73e6
my-archives/pbkdf2,5961a9449e0c553facb60f61b4988ac74a5e167a
maxogden/csv-multibuffer-stream,c8b4df2866f284e7cbb89b59ca904be158d6834c
DynoSRC/dynosrc-website,57f81554b3f8d1aa9f97064c8839dcc090649c1d
mikaelkaron/node-devserver,8c1d5c6c114a04b86b8361f4cff672510fbc74b2
morishitter/memoi,28a02e02b40edb53f0aac68abf808546689be6f5
chenshasha/eHealth_node,42586a51f9e063ccda0854107beae7a6fae493fd
dominictarr/pull-delayed-sink,1c1b957a836794e914f138b72aff79a81fcefca9
DataGarage/node-xml-json,2be13e2b97a19d150a05ea12cdf840abdfc634ca
mikehostetler/codeswarm-testling,6151339d1d75840be7cceac7055839fd328bf5c0
mikehostetler/codeswarm-node,52ceec3b7046d46bf320de1e9b1ef1adaf103344
bvalosek/datstack,5c8ad85375c006a4daaa6c132ca73edd073a6d22
pluma/par,9b9240619cc3c20ef596323de36a0330ece42180
laktek/punch-thirdparty-snippets-helper,e373c052e8fb59e043cdb4daaf60a5d9898b8bf0
vpjs/vpjs,d65e48f617488b6e752519eaf99782bcaadcafa6
mannybatista/todo,2ed69c0702cdb6c7e89e45b071a8d302ace99cbe
scijs/ndarray-linear-solve,747aebbd12573f31fbc4dbd286abcbf2046546d5
mikehostetler/codeswarm-browserstack,05273cafa55555740a47e95004aac7e80feb5442
jennypeng/chaplin-playground,c489e27f59697683ba18fdcd6589e7fc10a92b02
jarofghosts/ziggy-substitute,cc7feb4f77ddcbee095068c26714c85c5826c10a
yaru22/rhtml,5734ffcc4ede307b2522dcd77fae61b712a557d0
doowb/strings-parser-path,27fae7aeb4451099bca107e3cb7fb87e852740c9
mrichard/generator-mocha-amd,0dda5bdc326fa93bc2dfaa784003fdd8fd9253a4
an9eldust/enb-autoprefixer,a35ba4513c308042f6601a22b902faa9aaede2c4
gohard-llc-inc/gohard,49a19dc414416e382c8624705bb83603c57e2f08
chilts/awssum-amazon-fps,facccce41c7c58054d59925e21799bf601dc8f9e
yorkie/node-envm,983703ec04e6ab50de9cdc28d16d6a0634eb4487
mikehostetler/codeswarm-sauce,bc6fd757fae93e5ed74be034a2d895279409cf46
CoachingLogistics/team-manager,8a1c6860431ae7d5d2a57b9a1981bd668624d22e
bgelatti/servejob-web,f5b2913a21365f9d15c005ab5252390c3ab1a0df
angular/pipe,c3aa9640fafa7841a0a91f8a568bd1d2181549dd
wwwy3y3/json-segment,38b5538c487f9410856b009d98830ad89039e603
nwitch/caps-rate,b7cda79991c67d8b0278134c962967e773b5b43e
nlf/connect-githubhook,3b1a10ea26ed74388d2ce77e23bed582c0b2ca0f
chambs/generator-angoo,9127bfc315625ab0c4a2313bdaec5480fb27bbd2
guyroyse/PhantomPromises,bec5db1b5122125541757a556acbb1b2539ff541
segmentio/read-metadata,722f71b28009634e9007d8f6243e4603df4759ff
youngbolivia/ckckfront,338383c4befacb0ba900d17147091457dcd5b346
ethereum/tryethereum,1c2926a038e1cd91e72e13b754b5e84579419fde
regality/node-sieve,88f1136a639d2262b56e3b62b297726d0802fdd1
garrows/dnssearch,dd55d11317d02d9624cbf5fb2564f52fc3e2b365
yoavgurevich/NESSE,1604a460d9d3578a92d7f5c0d15e51ccd3c2af86
gmwils/node-transloadit,d8d8c24672c0bca7ca216c7070f59f9317c7910d
opendena/cli-soap-call,a4a7e200a573c704134e1cfdcc3cc3961c73675f
pskupinski/is-xcf,904495eb23df33d45547ac50c9f29e553273f159
cujojs/cujojs.github.com,c7b3f92558434679a075e401fde1a0cf22c1f5e8
aheckmann/once-upon,f81ec474550dcd1dbd97534d15b2e8881134b709
instructure/ic-menu,3427080d3be69a6cb27b46e0faf2e3e40f281608
vmx/jslens,6a559dd50531c9da34cfc5b5139bf8a9879f33c1
pebble/has-own,8d437fcc6ddc3375dbd0b469e4a89df63e00ed26
Henry-L/Node.js-Practice-2,6745222921d35357ab816e82a595d68d993d35e2
adaptabi/Javascript-FastClass,2a7b338f5e7101c42fa31bc8d4873c56b7a8d7db
cojohn/node-urban-airship,51094b74d8b1bbf06f6e550a587092714405ce00
tes/compoxure-circuit-breaker,9d3c932ec56b8116ea202b2d19a247ef9f375bdb
raptorjs/raptor-files,d4a30a989c93690eb11f995d4bb39f399590db56
cmjio/korma,78be2693f81609751e389b50ed598f6ac13be384
prashanthjbabu/websocket_nodejs,dae98dc2ba56dba41159eabcb20e768007073f4f
outbounder/organic-bundlestyle,d1b431611ab0be5ab9670291d5b5e5b315720c2c
mikolalysenko/minimal-bit-array,8a938f2b2214726f72a31142d12afc9c01883398
scottcorgan/booly,9d1126e8a92b8ce7fc00b2aa8fdcc5720425f110
wunderlist/bilder-aws,8ae84966fa74a0f061bdfc2cb9a18905565f66b2
tyleraadams/nodepaperscissors,b9a2f2f8328918acb8e743f9b7fae2e95e7bd698
raptorjs/raptor-promises,81b3cff1309dabac003859ab07c4e90d2ddfc579
fmir17/pescadores-colombia-api,030466a71cc0aa2dd6a01a7b536e39b81735b8e5
jdalt/capitol_code,1184e3629f94bb440a30a114c5a15a0284f9b2a9
NJITGN44/HTML5BoilerPlate,d0319688acebc92cb780fb1b01d16fb80be80774
seenya/HealthHack-ResearchFunding-d3Playground,227d95748af2a4af78af6549962828ea1e63b7a4
aliel/groundskeeper-brunch,8097aa34083137c988f4e39d339a334c3fe545ce
dominictarr/rec2,6e72354b3c2fdfd73cd76c0b956c4e44a9a8ffa3
udzura/ikachan-node,d594f57ceacd4ce57b22762221c6a6c30ce73969
HTW-Projekt-2014-Commercetools/Techtalk-Node.JS,161909d1a93608510e9edc453d51085f6bdfa5a5
tdondich/triple-mocha,c140d8819158423a9c33da1c8ec1e20487ae50f6
dramos0921/project,5b372f07913c792d8b4b1d01d8a2c3596f103744
buiteam/bui-list,ddb38372e0de157a72939625e6b97272bcf2417c
a11yrocks/html-aria,710fc2e72c4c48b7dd7289d5fe2f0f487fe33d02
mixdown/mixdown-config-filesystem,7929ba6021488cb8d5792ea9e53cca07a9e600ee
d-cent/democracyos-dcent,a337d0f8a55792749803ec80bda87c8028902359
raptorjs/raptor-pubsub,419231e0b88ee6201ae21d4519f76d256af42dae
meetings/nag,5bf2bdf8eab2a223a53aaffedbaa8dfa1bc3853a
B1naryStudio/hurri,ddce4bf1f30c064ef8831c3ac07d87a6e070369c
nodejitsu/couchdb-replicator-status,7b1c9f74d4ae68a8a271b111c2393577b4aef143
jtong-kata/weapon-evolution,3b105717e9c8971b7b3e766d597799adb58fc93e
song940/v2ex-api,0fa8da79cc7f13e4b47fcad43d5d85c82fad5793
Turfjs/turf-is-clockwise,cabc538d103edeba2e6dcb49e0c6428a43754bd1
PracticeWork/Task_manager,3e864f29bf23250e4e31872162d6d7ecd7b536ea
dannyfritz/css-bouncer,8f18e59d87e700ff77d8bf1e3290f8ccb3a388af
max/node-alfupperbet,35073b4b5cc7dad233ad159bbcdc1527843784b6
e-conomic/browser-log-stream,02f0a2ef24707fd0933fbf8b639c424a5feb319b
bevacqua/but,6af8275447a0851c81541ec2d2737f533888a5e4
yoshuawuyts/private-object,8fd753e2058a6737de0a7f1c525c302d13197415
philipwalton/private-parts,710d42f35c6c31267ba865af3470b4a08ce1fdd9
maximilianschmitt1/github-demo,d5bb3c803e6aaafb9d2815ab273a1805ec6e0fb9
devongovett/qunit-cli,7f9edc49b586efd75012a69aa706f34d1df53fe8
boennemann/js-examples,d49999d7ed49d29990e4309265155b7d65507554
themeleon/themeleon-jade,6154e74a20c2878fe49d3d28cf60fb5c9d62117b
jebai0521/slstudy,ea8f9099fb255d9ad069f7f3ab54e87930189061
orfjackal/codecamp2014-hervanta,7373e6ac2c1954d6d01430a3db99bef8bc1183a0
cfpb/is-money-usd,7ba1985d8337fd3593154f654499a1883484718f
pandastrike/ark,1724e66136bfac056801ead05a7f473304416c55
pwmckenna/grunt-travis-lint,63fd844918685480965575988630ee015704db1f
bearcott/favorfive,70ffeff8b6dad4379e914e95c5d9844c5691eccd
AutomatedTester/mathext-js,95d2846cb0f1ad2be0e2c0adc4ac4de77b86da26
hughsk/from-3d-to-2d,513b2c94c7b6e8a67776487812925d310037c670
scijs/zeros,05fbe88456daf67d3c263abf2d2c3c7bc0ad2401
rjrodger/seneca-ng-web,be625a5b77dc89cff8cb61e5c1bc792b99a52699
ericdouglas/path-to,c6febbc8b4d094e6d2456ce7a2edd24cdf352bfc
chrisaljoudi/transformatrix.js,d5a8cef341a0b8308e8b3b4447a8f57553822c2b
ericdouglas/no-sequence,c3c66227f7e17026000d2b545c095254e18266c2
miketheprogrammer/fez-tap,7a7c9438c83150c2315defee43110dac45943933
tsertkov/configur,43bafcc0dcc70379e940e69a77794de6dd97844f
OtoAnalytics/womply-eslint,846503eb0647f02d4cfcacc7b4fe074117e75037
kurtpeters/backbone.styles,8909b88a35f3a9d3e0561adf6d26e1a9e6220ac1
sasifk/nodemodule,3583b9b828bc76c045027ae1ecc695a88d24cc90
jsBoot/gulp-yuidoc,b0561a2a67099d2be545cf1257d94019db891b6b
chucvv/salesite,b63be3ab632389649091992eae65025f07de2e79
mani95lisa/nodebb-plugin-sso-weibo,9c96b7e4739016d1f5ec70ff1f3e584e3c1716a1
kennysong/travis-test,2963f67d19850a5d67b7ff3b5b2ffa0d31caaac9
PaulAvery/node-docker-service,d3a7daa7061ce9d5612970064dd5b9c89eb5360b
suarasaur/dinosaurs,eea657ba1173b81067d8e9c5634aa488044f7626
tforsberg/Deadlines,771e0f9e44176745b22f042722a84ec9519162d7
jonschlinkert/ext-map,997374d887d18b55640943c3375e557de7371ce3
nodejitsu/node-cloudfiles,ee418cdac97a380d5e777f2003a3c4c81e42ed8d
turf-junkyard/turf-point,3dcb903260c75eb7010ea121f66d2a9f42c464e2
enb-make/enb-bevis-helper,4750bc9637dfd90168d37178564c56ea0a924b99
spolifka/sphere-json-schemas,bbc52156a99d4a0674e96a8351f5601382913bde
suarasaur/callbackify,f36d4ed6e905dc400746c17c4b02ad5c23e6bf71
Yolean/ListView,5f3fc41e66918c9a7d73210ce5066af0339ffa7b
aphel-bilisim-hizmetleri/pg-bluebird,afa37958789035fcadf18d78e7498e611bede983
jarofghosts/unpm-www,92ed77c635352928dfd5a0059b1c824e427c45dc
airportyh/indent,fcadc249382e47f882bdd8b0dcff18e64bec575d
turf-junkyard/turf-jenks,13b46e30f99bb1553b7b0583b1310a55bd15954b
BraydenCleary/widget,0bae56796d9b10d7ea586860a41d765430f60c5e
turf-junkyard/turf-variance,7e6de9ca91e4ab5cffcf0138fca18449e39a90a9
turf-junkyard/turf-polygon,f36ccf66a1c8854511a8e4a83fad11686e867888
bilalq/TeaMachine-Server,b9d60dbfec2a8b5e75fb614c00f7b166cb70f3e1
turf-junkyard/turf-min,8076a83b6b08138786b8221c77b098736b92dfc6
turf-junkyard/turf-linestring,d53058239db75584d65b13f088f15e613466f986
turf-junkyard/turf-max,96e334a5fbf678097e19ef3257aaad82e1fce35a
mourner/seidel,2eeb9ccdb4f972ff1042d8275615801b01db3f9d
cssstats/has-id-selector,8a370e83a6ae4fbf01051a9a8481cbd296c587a5
gfogle/react-render-talk,758ef429a9ea7382ea66ed261907683ff71459ac
MaximilianLloyd/string-repeat,37e01b0299652877b975c9e36608fd5064f54b16
subfuzion/demo,5f4f9dd31af1be72fd7171c65cecfb407d58f290
ahdinosaur/ndsamples,60c13c3383a8bf9681629ee205ba439d3bc825ce
turf-junkyard/turf-planepoint,6a3482476a014fd3d3d3ee7293a961d52efcd273
bendrucker/globo,bbb0f1f9a18736b07bbd56e3e6611ddce9501484
turf-junkyard/turf-sum,6b3c88121f2a7bf56e33206281ee272961ab9377
nicolas-brugneaux-sociomantic/microbe,cdf81dea8ddae6a84382e044494eecbb6cad4447
burningneuron/savageworlds,f2dcda6eb77c80e20901016ac0df066449bb7796
sorribas/tcp-spy,f41e69726edb9fffa785d34124bfff3d32fc2db5
azu/podspec-bump,9bc2ea57592aeff2920b70437f6ebf30a67b904e
turf-junkyard/turf-quantile,86f69449ac2850b6cc7b37e192f8cde38cc152ca
toddself/pivotal-to-trello,914ccc69b8644a6464b45d989e035928e637da00
PM-XingYi/XingYi,13a63addb10c1ace120debaa8269b5388a3d9a0e
nabriski/apian,a9632d469cd7f9a9185b595e9fb7dcb9c5319781
turf-junkyard/turf-median,e103e56a194405708700d17c23a7eba44529b654
epeli/flips.io,68d3bf8f519ee0d843395874b5fb9eafcd74adcc
carlosazaustre/api-helpers,4377eab4d7936ca56684d5f72956a5d4c6499da8
rvagg/archived-brtapsauce,8a7172b3735f6064f6eb8b88863db4194b25b6e2
asnead/express_code_structure,df2a16ea9b557404b45be4d30b7e34034d970a62
mafintosh/are-feross-and-mafintosh-stuck-in-an-elevator,78b2e129b8f04c494e4052bbcda2afa18ba7b032
fusioncharts/larry,4374d4ea9a47cfcd6f4fc4194b4d51898f6f5f3e
morishitter/fly-csso,2e01c669f385c6002ed9cf9be19e6cef38792529
scijs/horner,6a7843ce63a71944b075f7e25a0b6aa31232b554
miguelmota/is-valid-ssn,ea795109f8330e2d031aeb0909348d90054643e6
scijs/poly-derivative,2a148c61affcf8bf164019b39b2ad04ead2b790b
Jam3/tap-dev-tool,356c1c32bb717e3a82c283a10de0373f365c0f09
philidem/rest-options-parser,1de23bd86c2aaefbcc5dc003a6db0d8b6b0a3b33
vulpnea/foxtail,0086d1239de6c78f2c9c20111e8578023b8e7cc3
grant/dimensionality,b9a01b80a118f779ce870ab1940601a4819fff43
terascope/url-normalizer,1f263bc101ca9056559004d7d84fa59784852a02
justindarc/music-nga,bb99aec234a65dd1da45024400d25cefdb131c6f
fhellwig/strformat,0c7fa490b26279af003aa0164b05935a0e47d644
turf-junkyard/turf-nearest,bb7dd00810b81036960af81e6eb5c7a8cfb7175a
mikolalysenko/lazy-property,86fd4138b7c54b474b9be06101a03efdb5fd8173
tombigel/ifttt-wix-stores,741d975b3928c2d41da40b678377476e5bbd1c96
macneib/livedb-rethink,70ca0d268b34288c6f8803bf6c153446476bd198
scijs/poly-mult,90b2997b650beb2c943070f6464398c26db35963
yesvods/GZresource-website,a9e169ce72c63b67745b0d783ccb341b7e92a631
thomasconner/kinvey-kts,606151ae1a973a5634067a6df67e6f2b1ea78049
alaneicker/addressbook,361bceeccb5b002f8017a6793916225784e0bd1f
Everyplay/backbone-db,d68dd412f34a92fdfd91bb85668aceaf10d4fba4
doowb/session-cache,5f8c686a8f93c30c4e703158814a625f4b4a9dbf
nickapopolis/ModifyJS,f4ea3bcb26b8c914122f36c710667242398152df
turingschool-examples/spy-vs-spy,2cf86c05eb3a631bfd58e06c7440ad9a9568c41f
substack/babel-plugin-jsx-factory,cbcd1bb2f6146a0adb7205ab60669c4bd69913fe
amberwoodrow/node-mocha-chai-tutorial,2fb5f32840bed458d69dabd4d985c64450aa17e2
shawnbot/sauceconnect-runner,2e6f715ba514c7bfdddeae295384fa839d9113ec
Spin42/beg,1dd5a2958127fd873934c5be5740310f15c9f22f
inverted-murmuration/api,7452640e84944d74fa1014b3bde2d10417af5150
giesir/configuration-loader,8c645e31b3d3cc73192f51ac244e4c9dd67e9587
frantic/mincer-jsx,b4fb1f3043d33a0bb595393c0b37a2e4e5626de4
OwenBrotherwood/CompanySandbox,7f6b61fe5bdd24d6bf9001a6bf637c73f1a204c4
enb/enb-autoprefixer,e5c7ef848b81f2798830f6fe81096c371ddf7785
doowb/rage,801bad9279f6bf3b667e213f36ee5bbe6a3edebc
adamellsworth/react-timer-mixin,0de7acb9b7663703621d076b985c59e2c333be3b
watson/hash-index,fd5d0606926a821166e428b6e266f03b4dc5d817
jonschlinkert/is-whitespace,b2e7a962bd59a20896aefa6db5cebe6e629e5dcd
anuragshendge/DevOps_milestone4,844e7a225da372ac84d8037a73d26d024a7d33e8
joinbox/header-tester,107c459c54b6000397f3d91b2f3b997a6930dfdd
devleague/curry-house-brockinit,ddedd6adab086f584f761ca146708aae3ee1428c
a-oak/ligle-engine,aa1e0131117deb353042668281d08619cad718b4
Inist-CNRS/node-atom-writer,a7473c57c0e4b4f991fb60a1a9e70f93b2b7c0da
scijs/ndarray-hash,7086528ee51c33db3f20bb6bb900d85479be0351
tagview/gulp-process-templates,d3ab6ad67552d5809d54b3f358decb1536b3e577
scbd/aspnet-formsauthentication-js,48a61cca9a725e52abcf0b3208fd0f1158a8706d
nutella-framework/nutella_lib.js,b3a3406a407e2a1ada6edcc503b70991f9cb249b
scijs/image-rotate,2cc84de2e736894440c2dbddef338ba21b1500fb
saebekassebil/scientific-notation,89d05a7c3d912798912b70d6167b1933f3e916e3
lo1tuma/mocha-bdd-when,3868c88750eadea7798735cb84bbf660b6f1837a
turf-junkyard/turf-bearing,68257332352e358ea1b284393c69c1ed2a5844ab
marihachi/nodejs-chat,98ef831e3924a9bec3a56f3c2e1fff4d95461dfd
buluslidlink/dview-sp1,82b7203188d86b2463500c430c5053bbee18333a
simpletrain/harry_potter,5167ce38735e028e1df74826320b0f375fcf9f09
tmpvar/interval-add,400f4e39cace506d8e33128e5bd7e201a989b8b5
turf-junkyard/turf-deviation,6d969a183d8fdb72551d6f33076ba71ca63034b7
turf-junkyard/turf-count,8bb383999c678a0ebf71314acdb325aa6b9c8108
turf-junkyard/turf-featurecollection,68a99cb99dca27f72d487418dc85aafa906e9f42
zeke/bitbucket-url-to-object,b9a9e2ace097b349899e7e4488a34a9f60df3b69
allcount/allcountjs-mailgun,28d51d876c72aa3beb471c551800463ff9dfc88d
dwyl/search-result-keyword-highlighter,013074c859784c68bc4c54d686e9bf3f209bfb0a
strongloop-community/loopback-example-embedded-relations,94389e3403fa031805d0975322327d8893f0b319
ashaffer/validate-objectid,b342d82c1e6e2f84e348ca2b28e246f141fb917c
kevva/is-pdf,870d5e19b05c78461f12a0a712b514e46f1ba991
vladikoff/fxa-conventional-changelog,72ac737fcb66a96f48ed16b8dc31e0a750a7f572
davvo/globalmercator,2cec6c912e40238421cc2e3be3a1993f21e7a776
component/has-cors,27e9b96726b669e9594350585cc1e97474d3f995
miguelmota/arraybuffer-to-buffer,86d604a56a0af5f0a2275a10abb56c90316773a5
component/global,3890bc47514726766d5b3bcfcaa33aa03127d656
jonschlinkert/export-files,2e99117e0925da4ca3154baf1bd404e2a4269a97
bryanburgers/summarize-markdown,1bc606433f61d06026e1583199581cb59811e5e1
RainBirdAi/rainbird-release,91f06b336a17fcdbd4c7d83041b667f5ba44e828
raptorjs/raptor-dom,1b1eae27074d2675b36e402c6cfea7b412d205a0
math-io/evalpoly,b41e2e791e5b1d6fbca7743d3bd9db653d27ee1f
mafintosh/random-access-open,3e1eca239739f7daa10e217a1b54aafb1cb85d8c
zeke/euclidean-distance,c4e7f9a085a7c22ae816f940ffe5868c8949a1d8
matheuslc/symmetric,91e401e1a48126ba52612862c749249273168e0c
fs-utils/mkdirp-then,5cf7485c3cb00b66f03ef1bd03e7e810afa61991
turf-junkyard/turf-destination,6b255c9ac274d95e773cfada15a38653e5b1d19e
enb/enb-bembundle,23762d6d6b6a2b83d38cb52e6a6d9834f7a4eaad
2947721120/clockpicker,e6ac014b3c167281ac37cf122ab19b6967d8fae4
math-io/digamma,9df9b4c5332a648d8b045d985fb7bbc960dfbbf3
pasharayan/meteor-scaffold,0ff3936b1ba54a0ba5427132c2653460d37440e5
7ammer/postcss-nth-list,79c3451a125c9ea625cd31684b170a585517009c
Evgenus/BigInt,6212c83a09808308a83093814580ab91b8996075
meicj/node-http-port-forward,54a2646ee7cb9e7d2244bdabb5fc39ccc00dd0cb
AbhiGulati/web-historian,18839268a593bc3eb695a959a71b673f3153951d
andyfleming/travis-example,c9b1a0daba4944eb92b2d98488f4092f323cf7d4
mapbox/spherical,159cce9dc53be7a8746c133bfb9b0c1a46db4a02
scijs/ndarray-scratch,52c2ba2afce8d2fa0856b98179030e4f639657f4
ungoldman/electron-multiple-windows-demo,11a3782e61a818f0e126a779a0add33bfe4e025e
OakMX/postcss-remify,95067cc25072af89add176692875e0531916396c
jonschlinkert/in-array,47a5e55362098646b56a3ec6775bd5198df1c7ed
Softhouse/flaming-computing-machine,345b2a959916631487279df16097b5a2c666b495
math-io/cospi,b2d854afaab53473f61a7129f96072cd545fb00a
np-maintain/simple-recaptcha-new,1526da749a1e074de078918b98b27fdae64edd15
hemanth/node-xkcd-img,13e798c0aa1be839dfb2486b2f53d4df98c9e8c2
atsid/18f-RFQ993471-POOL1,017a35fc30705e9a2e8cffbe0542e2b9b59e9bb9
dlobser/Light,4f81a8ca7790a4226adc0c99f054e9051d1f972a
babelthuap/tictactoe,90295bacb5bba8dfe23a51eedda6e8cce2430702
turf-junkyard/turf-center,a507851ff565215840c7e443fd80d2afc1216ca2
math-io/uint32-to-binary-string,40513db468b9bd984a700afc261dcbf9066b3403
yuehu/word-count,3ede366e08b285356857787d60ac8da766360520
Yvette14/empty-flaten,7195659aba4caf9515f9653261cb9b5cb3a61681
enb/enb-priv-js,2eea2395426a0a54aaf1cac35fec2f5b2ab3cde5
alt-j/iseed,1cd1ad1db38e4efcfa8ef1c85cebc7984bb9f802
vangj/jsbayes-lcg-viz,656c5d78dd1d128b116ca40c9b2aedf9d454742a
livejs/pixels-canvas,44e2f7e7b5c08c3b07149dad315661f9fc8bd1db
cutting-room-floor/dev-documentation,702cafa103ace35ee3d29a7dccd7e5187ab1a9d7
capaj/jspm-mithril,cbf917ae0cacbcfc551fcdfa18393e8b8a3ef2f0
joeyespo/gesso.js,b4858dfc607aab13342474930c174b5b82f98267
vikramcse/unique-array,4c9c9749d9dc68ec87e859df5188fe2ef0608ba0
lewismoten/sinister-chicken-syndicate,4aa60746accd23ec8e0fac153f466a8711e51c32
arikon/bower-npm-install,0d1904f1e2cbeb01bbec6b661cb17a3a6b22b93c
sumitchawla/timezone-names,f74cea38814c8d057257d2d2150d04153e981f2a
moose-team/rich-message,870200384027b50e0e8b3a1bad1831e9f0287b2e
dasilvacontin/animus,db50c5cf119d4a79fd748045f8a52b631977337d
skygate/event-emitter,d2b376c1311bc0881962c9a060165c32b8cb551b
adriancmiranda/sprite.js,aa0824ed8c03a89d32d178f2dd8ca1a170d65a29
byng-systems/pimcore-template,b4aa49c2b4ed56e47c941ac4b15fcb8a15ca5d49
math-io/float64-to-binary-string,23b6eb3e7d03ab08baa85621c995f20aa8c9b614
dbellettini/is-the-answer,09f65b46a21bfedcf57e26173102dc170db3b4ed
parthahluwalia/CCIS_SPACE,e39971fff4d575d4b32e260f2b03d9061d47353b
yoshuawuyts/virtual-sidebar,fb46f254f97dfa0fee4392637c231feeee96a1b6
nahody/gulp-clip-empty-files,41ef1b9eb134e28336d758315640180bcd43ba73
zeke/jiggle,2a7e4404c4606e62cdf49369f1d6e4a46c769d1f
hotosm/oam-server-api,e77bf29d0d47af7bf2e0aaaaa5bc4bb573d68a43
zeke/markdown2slides,eab46c3bb27bacb6591a65c3da1d6a9c541c635e
Planeshifter/node-sparqling-star,7ed29522223f12bcb585fa8db942620001cb1666
ilonacodes/PasswordRevealer,bce3cdb2e16799ae0cdf248f68f39432e5a78c47
cnry/fleek-versioned-router,eef7dfc4e22b530c66d4bc7b7d914bd1d3cead01
mattdesl/keyframes,e0f4ebca51ce8ebef2407fcc1f41aa64abf98b29
substack/oppressor,acac1c695b92fe5e96517201ce5eee11841c2e99
ATLauncher/ATLauncher-CLI,811c63ccf8a20994c6e2dab81462882f0026e4f2
sudheesh001/loklak_api_node,e71f992c1e5a2fb811b1d2129bdb8789fcd4d035
intesso/relative-path,008e67ae42b7504181e3871c78ce05c7487a9a92
tus/tus-jquery-client,4956c8cdaaf9eb35fb39bd3220fe5697cf1634f2
RnbWd/electron-bin,80df4f4ee25475319b119fda21c08b58aea8a9cd
eaze/console-log-hiring,b6fc010a54979d32c1b1981c0b51aeeb5c50dc71
weflex/semver-increment,61ac2915e2ae23b9ab78f2b51f96570e719f411f
jscs-dev/jscs-dev.github.io,a8846830ad028eeb7265a6bc4ac661951c15a93f
aui/gulp-font-spider,e5bdfa868de2b881889da5aac258d08274c2379b
ammeep/electron-accelerator,5ef372ba6666549a4da8d8c7d78aa74c54a3a5a3
Goldinteractive/grunticon-cli,013f44bdff26f604e57eb347faddc8af039bd31e
CrossLead/openair-js,77eb60480a2028b34dde7a17ef7634f1c6bf6a19
CallyWally12/INSECT,9f8d69cb9861f80e522ab5567bf963fc9d0f509f
jamesplease/simple-jsdom,1b773f3b08f5d0fee599c4ef4654209e3d52f015
kvanlaan/timeMachine,035fcfe640ac825c5e78505a2f4e9bf215a43d4a
PeMo86/Appemic,d724c4142ad978bd77b8a9b5c41fc45658da394f
GitbookIO/normall,4bbd08533ddad2c7924aca9ac8c2f66fadd03b62
micromatch/has-glob,a93627dbcd0e6cef36afb54c0f6e78b06fbb1ae8
JAC-Labs/SkilletHub-Users,e00da414c21a02250e30b4fcad6b1060e1476ba5
B2MSolutions/node-imei,0f697cdaa7700271551b4015121febdafe0ed75d
Goldtean/addition-goldtean,9558474f6318cea095cbf61aead72c11546b0769
PSWinCom/pswincom-npm,fc6c9d7e121c894372ee371c540ef0a5d7d82e4d
Kallikrein/raft,9b98fce59f6c6b6cc1a5ac129b1dd13062964997
Strider-CD/strider-travis,718096aab394bf50fb6bf8065eb2d46c1a67243e
aawujue/wlProject,b87c6071d4898c71f36dc41b18cb03e2938963d7
MellowCobra/DNA-to-RNA,eed0ff6ea7dcd3ce9c422488cc64796e3959edbc
aggarwav/catalog-api-dra-toolchain-demo-vijay,44dbda9f1c5662ce95ba8861e9a56148e4b9799c
ViniBoneto/cli,4fe87ccbe752ac69f41f5e5a6ba9ea73373add32
alyssais/fluid,17fe90a37c86bfb384635d1d72d04d4e75195df4
aitherios/react-with-theme,58000f57703d0cbe05459abda93ba9cbf6212924
alanhhwong/challonge-node,911ebecf7f7a71e8531571999b0d9a0741257905
Strangerware/sw-vast-loader,7f0f4f1cfa6d8df0ce61d47213011b0e45972cd8
datuhealth/chaperone,a4017a39a19eb82c85b1a27462ae56fa5aa955f4
deanlandolt/typewise,70aac54bed033e69674d348899d7b3083673f202
csvsoundsystem/treasuryiojs,006497fa04437c3caf987660575eb495c9883084
davellaj/nick-react-coursework,e3a720d4daded06701c84eb892a8f58eb05f76c2
dominictarr/pull-json-doubleline,6c603e5a6cd74ddf46ba7dcecc611ce093ff0ddc
ZL1996/empty-flaten,8fd38903f33b8347706b97e57a9797819c01cb05
elwayman02/jordan-hawker-cli,fd1f4ca1c02e0257b9cf94c2cf2e61fe26e2323a
eatjhosting/mongoose,dc0c59855eaf875260696fb4f340736f958aa93a
Frijol/PIR,6e4204dfa31e4185e7b2d90a99429b8835e774e5
developerX/pokedex,c06dfaf75939e20571b7191302fcfd167575ae22
digencer/eslint-plugin-expires,d7c011b52fe207827257c64806b70e4a1bff545c
freador/course-react,5d387ff2d3b1392856ba348cff6997886e662d9c
mafintosh/generate-object-property,7aef13bb5b15a44bf22f85f0275b9d3a783a9b82
mapbox/pre-gyp-find,2402c9fac5134495997461bdfbe1901ad9b9fd02
iopa-io/iopa-common-stream,9f51c07afbaf40bd3137303a864ca11562cf9d52
micnews/date-parse,5be8f75d0cace17aaa01f9bc7c8a872b3e3f009d
numo-labs/lltrace-aws-sdk,ad46b19f50005404dd28132437c87805803f2df6
mynameislau/svg-symbols-map,ec72692d0475e6c6b9ae198151d4db9ab61f3c61
purplecabbage/valid-identifier,a6562f196f82077c04c9b03545e17fec817a5d92
marcello3d/node-stylish,845e429212125b88cabe110f467d2cbcb417dc31
michaelachrisco/codecamp-pair-programming,d086e713bd0b700e482174344d13559db946a6e5
baidao/Coding-Dojo,652d666282072548e749cab53eef929f4d833b65
WormsAtWar/worms-at-war,3449279f459a3dfc2819faee74e7cfbce26009cb
avbel/co-supertest,d7d83911188998b3ab2de9f18d3ab96607f9e1d7
rbuitragoc/cajun,0fe79c5d677074dfe6d7c40a18c9b374228637a1
byondreal/phaser-tween,9ae56db2dbfbe8108ff67615d4ced42cd84bfcf0
matthucke/pluralsight-docker-ci,db4db26ebc365573ef924281d6c0f291b262e150
cgarnier/piriku,aff394d661fa4b2ae469e51073c8a3040fd10157
jonschlinkert/is-directory,6cb62c072b0f7dc581d1e73628e73c3ac015c1cb
juliangruber/generic-hex-dump,d48b79879212325229445b429621f5b0df21a6b6
fictional-pancake/turbo-spork-server,22ed6df20c2e2a50828888d981c4277d203ae5b9
juliangruber/enstore,340c47f71aa9e0319056cbc4ae7090c7f658d1e4
joshburgess/eslint-config-standard-trailing-commas,94ce7028a7eb39a8718c89ef36437ebc82870b1e
srijanshetty/snips,208c59f53e57c73e4ff810f80254c3f34d9446a6
jonschlinkert/expand-tilde,2389f5d93903c43bc26ed57b02a24b432d1dee89
substack/catch-links,3929edc307394538a7c4f3176b5fd4bacd9cd4c6
stephenmathieson/node-ansimd,6c61abdc94b46677e26f1333d7d6e73104efcbdf
stoeffel/retrieve-arguments,eebbc5a3c1b4b959784953cd47437afe335dd37c
substack/node-parents,1a90e0b70695f08e3eab32be2f1a867b4bbe6880
taylorham/kitchen-converter,f3177dfa70be67330e95b5d1d9512db351efb047
then/then-levelup,1cefc4274c689a8d4632f34f357f0f30cda3bc7e
Rawnly/happynewyear,e831286aa21013423760b4b99804811e979cf5d5
xtuple/pgrep,7d82c304a4e30591c9733e81458f26981cc1609c
aredridel/ometa-data-url,74252bc2225a4bde9d0c33d1e6ba83147da7222c
tsongas/thinkful-react-trello,2c294e0c3d9cedd0b3d603c17be81e71677a8d95
slooker/json-activity-streamish,aaf64abe2e371c4fc51077552f11ae9bedf8ac82
jpsmith1981/wordsmith-hackathon,e31800ff1d59b0a9f3d678a89dab5ce879662f0f
thecodechef/gulp-install-tools,562744990873a8d635a18c42afbf900ec90f60cb
jzy476731162/myNexTTheme,2e85bc0300f5ab2852df7125ab167aa666ec49b6
nathanpeck/emma-sdk,6b4c0ba7b3d472ed71598683574f9b9330dba540
mcmunder/bitcoin-de-api,7932ba4e9ad4b805fa7b7dcf95a10c593eedf035
ith-harvey/GitPracticeRepository,28e540d35b0157ea15decde8f2abb2793cd56762
sidorares/tfn,2aac03f1c8ab4270819e0e92862ca69cbbd9b319
fmsouza/revinter,3fcc4114914ad18aee543553969512e1be0832ad
juliangruber/linux-chrome,7ecd685bfb77ab77221cbf00487686f24b07da79
dbarbalato/magellan,4ed87c25c13ff15f51dc82a754c02f3c561c7644
smallhelm/estree-builder,037029e804e77ff28f929719185300bb72323677
babsbunny42/calculator,cde82be70a45de68da71110b7e9b68f7ed9f7e90
WickyNilliams/pure-color,22add01e19613a9a2297757cdb6882785338412f
bgrins/ExpandingTextareas,83ed39d91cfe14dc736836917f0cf2b74014e697
nan-ci/js,d8f67902a0ab3a59d56bb064e9d43fdd4aa81cf9
trytry22/sstet.github.io,565c09f6a45c75ffb8f74c88270b72fbe6e1a6e0
KidkArolis/cherrytree-for-react,f36f31c8734363cbbf8af23c629314f50137d9fc
juliangruber/colony-server,eb883ff48e325dc2ef20715ebfe363570c3ca0b8
lifemixture/angular-test-task,759a7ad32945db2dfa0b76355814b9167353f81b
noopkat/floyd-steinberg,d5b7fcdc24f9f2fda05897bbfea645638eb21650
Palindrom/JSON-Patch-OT,81ac548e22f0ae363b586550de7a963ea8419d74
mafintosh/unordered-array-remove,042b0d664b0b1a73c41e084998caad0df29d25a1
ttezel/snake,a28d13b6cbe18344d678a5c4a4d38170b99f076d
boffbowsh/ss_tvos,e828896a9fecc16c9ae05ab1ef5d5463091abd61
